System_Step,System_K,Lag_k,AIC,HQ,SBIC,FPE,Is_Opt_AIC,Is_Opt_SBIC,N_obs
Step 1: Master Nominal Core,2,1,7.297374029474557,7.331695662218674,7.382622329149731,1476.4213304510374,FALSE,FALSE,251
Step 1: Master Nominal Core,2,2,7.154466423841183,7.211669145081377,7.296546923299805,1279.823538203694,FALSE,FALSE,251
Step 1: Master Nominal Core,2,3,7.05150521719047,7.131589026926742,7.250417916432542,1154.6304102900112,FALSE,TRUE,251
Step 1: Master Nominal Core,2,4,7.008247241323534,7.111212139555884,7.263992140349055,1105.78613466157,TRUE,FALSE,251
Step 2: Banking Bifurcation A (Credit Lead),3,1,10.072107055225752,10.15978427798032,10.288276418523807,23673.94939873863,FALSE,TRUE,180
Step 2: Banking Bifurcation A (Credit Lead),3,2,9.943148040535435,10.096583180355932,10.321444426307036,20811.77040835891,FALSE,FALSE,180
Step 2: Banking Bifurcation A (Credit Lead),3,3,9.763587619851751,9.982780676738171,10.30401102809689,17395.29741227804,TRUE,FALSE,180
Step 2: Banking Bifurcation A (Credit Lead),3,4,9.779771809751963,10.064722783704312,10.482322240470646,17686.915967387682,FALSE,FALSE,180
Step 3: Banking Bifurcation B (Multiplier Deconstruction),3,1,10.072107055225752,10.15978427798032,10.288276418523807,23673.94939873863,FALSE,TRUE,180
Step 3: Banking Bifurcation B (Multiplier Deconstruction),3,2,9.94314804053544,10.096583180355934,10.321444426307036,20811.770408358945,FALSE,FALSE,180
Step 3: Banking Bifurcation B (Multiplier Deconstruction),3,3,9.763587619851751,9.982780676738171,10.30401102809689,17395.29741227804,TRUE,FALSE,180
Step 3: Banking Bifurcation B (Multiplier Deconstruction),3,4,9.779771809751963,10.064722783704312,10.482322240470646,17686.915967387682,FALSE,FALSE,180
Step 4: Unified Real Dual Economy,5,1,24.416948128429045,24.588556292149622,24.84318962680491,40194496686.584595,FALSE,FALSE,251
Step 4: Unified Real Dual Economy,5,2,24.047091423904668,24.361706390725736,24.828534170927092,27774556196.762596,FALSE,TRUE,251
Step 4: Unified Real Dual Economy,5,3,23.82061515667822,24.278236926599774,24.9572591523472,22159308325.847385,FALSE,FALSE,251
Step 4: Unified Real Dual Economy,5,4,23.67486806192308,24.27549663494512,25.166713306238616,19176003928.925827,TRUE,FALSE,251
Step 5: Unified External Cost-Push Belt,5,1,21.6828169697129,21.85442513343348,22.109058468088765,2610649208.240572,FALSE,TRUE,251
Step 5: Unified External Cost-Push Belt,5,2,21.44485436190758,21.75946932872865,22.226297108930005,2058305959.823962,FALSE,FALSE,251
Step 5: Unified External Cost-Push Belt,5,3,21.34301423079901,21.80063600072057,22.479658226467993,1860149243.189708,FALSE,FALSE,251
Step 5: Unified External Cost-Push Belt,5,4,20.79994197580905,21.40057054883109,22.291787220124583,1081916078.4455905,TRUE,FALSE,251
Step 6: Unified Central Bank Solvency System,5,1,20.765618448324116,20.937226612044697,21.19185994669998,1043312145.4527134,FALSE,TRUE,251
Step 6: Unified Central Bank Solvency System,5,2,20.55046981429457,20.865084781115637,21.331912561316994,841557234.5700969,FALSE,FALSE,251
Step 6: Unified Central Bank Solvency System,5,3,20.374445017535752,20.832066787457308,21.511089013204735,706160669.2896767,FALSE,FALSE,251
Step 6: Unified Central Bank Solvency System,5,4,19.8344684391624,20.435097012184443,21.326313683477935,411996707.6765176,TRUE,FALSE,251
