System,Partition,Lag_k,N_raw,N_eff,Total_Params,Resid_DF,AIC,BIC,HQ,FPE,Max_Root,Gate_A_Stable,Sys_BG_stat,Sys_BG_df,Sys_BG_pval,Gate_B_Pass,Min_Eq_BG_pval,Gate_C_Pass,Serial_Admissible,PT12_pval
Step 4: Unified Real Dual Economy,Full Sample,1,251,250,30,244,24.5099,24.9325,24.68,44109718537.08281,0.5843,TRUE,309.773,100,0,FALSE,0,FALSE,FALSE,0
Step 4: Unified Real Dual Economy,Full Sample,2,251,249,55,238,24.248,25.025,24.5608,33955859431.433014,0.8198,TRUE,228.74,100,0,FALSE,0,FALSE,FALSE,0
Step 4: Unified Real Dual Economy,Full Sample,3,251,248,80,232,24.1499,25.2833,24.6061,30800108150.033546,0.8959,TRUE,185.842,100,0,FALSE,1e-4,FALSE,FALSE,0
Step 4: Unified Real Dual Economy,Full Sample,4,251,247,105,226,24.1191,25.611,24.7198,29902030530.150394,0.9428,TRUE,142.693,100,0.0033,FALSE,0.0011,FALSE,FALSE,0
Step 4: Unified Real Dual Economy,Pre-Oct73,1,164,163,30,157,23.1077,23.6771,23.3388,10854350280.428177,0.8059,TRUE,225.348,100,0,FALSE,0,FALSE,FALSE,0
Step 4: Unified Real Dual Economy,Pre-Oct73,2,164,162,55,151,22.8421,23.8903,23.2677,8329785271.289619,0.842,TRUE,160.667,100,1e-4,FALSE,0.003,FALSE,FALSE,0
Step 4: Unified Real Dual Economy,Pre-Oct73,3,164,161,80,145,23.0111,24.5422,23.6328,9885765038.521362,0.876,TRUE,168.904,100,0,FALSE,0.0053,FALSE,FALSE,0
Step 4: Unified Real Dual Economy,Pre-Oct73,4,164,160,105,139,23.1764,25.1945,23.9959,11714024933.688648,0.9657,TRUE,156.505,100,3e-4,FALSE,0.0065,FALSE,FALSE,0
Step 4: Unified Real Dual Economy,Post-Oct73,1,87,86,30,80,22.6304,23.4866,22.975,6741720998.514355,0.6452,TRUE,239.158,100,0,FALSE,1e-4,FALSE,FALSE,0
Step 4: Unified Real Dual Economy,Post-Oct73,2,87,85,55,74,22.011,23.5916,22.6468,3651222601.56345,0.8927,TRUE,209.161,100,0,FALSE,0.012,FALSE,FALSE,0
Step 4: Unified Real Dual Economy,Post-Oct73,3,87,84,80,68,21.8172,24.1323,22.7479,3057259455.6582956,0.9382,TRUE,184.513,100,0,FALSE,0,FALSE,FALSE,0
Step 4: Unified Real Dual Economy,Post-Oct73,4,87,83,105,62,21.4729,24.5329,22.7022,2238525981.138181,0.9481,TRUE,159.587,100,1e-4,FALSE,0.0143,FALSE,FALSE,5e-4
Step 5: Unified External Cost-Push Belt,Full Sample,1,251,250,30,244,21.7531,22.1756,21.9231,2800651074.7924476,0.5752,TRUE,310.163,100,0,FALSE,0,FALSE,FALSE,0
Step 5: Unified External Cost-Push Belt,Full Sample,2,251,249,55,238,21.6409,22.4179,21.9536,2504095368.9680505,0.8118,TRUE,265.969,100,0,FALSE,0,FALSE,FALSE,0
Step 5: Unified External Cost-Push Belt,Full Sample,3,251,248,80,232,21.6643,22.7977,22.1206,2564940584.2304487,0.9082,TRUE,247.077,100,0,FALSE,0,FALSE,FALSE,0
Step 5: Unified External Cost-Push Belt,Full Sample,4,251,247,105,226,21.2442,22.7361,21.8448,1687081820.0000618,0.9165,TRUE,165.719,100,0,FALSE,0,FALSE,FALSE,0
Step 5: Unified External Cost-Push Belt,Pre-Oct73,1,164,163,30,157,19.0599,19.6293,19.2911,189529058.58926806,0.7853,TRUE,230.97,100,0,FALSE,0,FALSE,FALSE,0
Step 5: Unified External Cost-Push Belt,Pre-Oct73,2,164,162,55,151,18.6423,19.6906,19.068,124946433.77377827,0.85,TRUE,156.654,100,3e-4,FALSE,9e-4,FALSE,FALSE,0
Step 5: Unified External Cost-Push Belt,Pre-Oct73,3,164,161,80,145,18.7286,20.2598,19.3504,136514356.876576,0.8876,TRUE,136.126,100,0.0095,FALSE,0.0023,FALSE,FALSE,3e-4
Step 5: Unified External Cost-Push Belt,Pre-Oct73,4,164,160,105,139,18.9917,21.0098,19.8111,178355380.67936325,0.9731,TRUE,144.884,100,0.0023,FALSE,0.0088,FALSE,FALSE,3e-4
Step 5: Unified External Cost-Push Belt,Post-Oct73,1,87,86,30,80,20.4503,21.3065,20.7949,761998014.1367617,0.6435,TRUE,206.093,100,0,FALSE,0,FALSE,FALSE,0
Step 5: Unified External Cost-Push Belt,Post-Oct73,2,87,85,55,74,19.5305,21.111,20.1662,305594434.8643074,0.9129,TRUE,165.017,100,0,FALSE,0.0084,FALSE,FALSE,0.0591
Step 5: Unified External Cost-Push Belt,Post-Oct73,3,87,84,80,68,19.5156,21.8307,20.4462,306016064.36465174,0.9403,TRUE,149.056,100,0.0011,FALSE,0.0538,TRUE,FALSE,0.0721
Step 5: Unified External Cost-Push Belt,Post-Oct73,4,87,83,105,62,19.5325,22.5924,20.7618,321533489.3786164,0.9656,TRUE,131.034,100,0.0203,FALSE,0.0012,FALSE,FALSE,0.0433
Step 6: Unified Central Bank Solvency System,Full Sample,1,251,250,30,244,20.8273,21.2499,20.9974,1109712686.77242,0.5707,TRUE,314.3,100,0,FALSE,0,FALSE,FALSE,0
Step 6: Unified Central Bank Solvency System,Full Sample,2,251,249,55,238,20.7358,21.5127,21.0485,1012896551.5193098,0.82,TRUE,283.681,100,0,FALSE,0,FALSE,FALSE,0
Step 6: Unified Central Bank Solvency System,Full Sample,3,251,248,80,232,20.6857,21.819,21.1419,963962685.1555766,0.9083,TRUE,243.203,100,0,FALSE,0,FALSE,FALSE,0
Step 6: Unified Central Bank Solvency System,Full Sample,4,251,247,105,226,20.2787,21.7706,20.8794,642445536.4593124,0.9102,TRUE,182.89,100,0,FALSE,0,FALSE,FALSE,0
Step 6: Unified Central Bank Solvency System,Pre-Oct73,1,164,163,30,157,18.1244,18.6938,18.3556,74371074.98715162,0.7788,TRUE,235.382,100,0,FALSE,0,FALSE,FALSE,0
Step 6: Unified Central Bank Solvency System,Pre-Oct73,2,164,162,55,151,17.6682,18.7165,18.0939,47171221.88073494,0.858,TRUE,161.463,100,1e-4,FALSE,0.0019,FALSE,FALSE,5e-4
Step 6: Unified Central Bank Solvency System,Pre-Oct73,3,164,161,80,145,17.6203,19.1514,18.242,45063067.82009574,0.8817,TRUE,116.346,100,0.1262,TRUE,0.0557,TRUE,TRUE,0.0754
Step 6: Unified Central Bank Solvency System,Pre-Oct73,4,164,160,105,139,17.9468,19.9649,18.7663,62735966.70401509,0.9663,TRUE,139.73,100,0.0054,FALSE,0.018,FALSE,FALSE,0.0717
Step 6: Unified Central Bank Solvency System,Post-Oct73,1,87,86,30,80,19.4253,20.2815,19.7699,273407150.09747314,0.6185,TRUE,207.828,100,0,FALSE,0,FALSE,FALSE,0
Step 6: Unified Central Bank Solvency System,Post-Oct73,2,87,85,55,74,18.546,20.1266,19.1818,114186065.01299925,0.9216,TRUE,158.882,100,2e-4,FALSE,5e-4,FALSE,FALSE,0.0032
Step 6: Unified Central Bank Solvency System,Post-Oct73,3,87,84,80,68,18.6948,21.0099,19.6254,134672028.9160126,0.9511,TRUE,159.246,100,2e-4,FALSE,0.0091,FALSE,FALSE,0.066
Step 6: Unified Central Bank Solvency System,Post-Oct73,4,87,83,105,62,18.9113,21.9712,20.1406,172760871.81445864,0.9701,TRUE,165.636,100,0,FALSE,0.0021,FALSE,FALSE,0.0125
