System,Partition,Canonical_k,Variable,Lag_h,ACF,PACF,Signif_Bound,Is_Sig
Step 4: Unified Real Dual Economy,Full Sample,2,pi_t,4,0.1584,0.1396,0.1267,TRUE
Step 4: Unified Real Dual Economy,Full Sample,2,pi_t,6,-0.036,0.0107,0.1267,FALSE
Step 4: Unified Real Dual Economy,Full Sample,2,pi_t,12,0.1837,0.1679,0.1267,TRUE
Step 4: Unified Real Dual Economy,Full Sample,2,pi_t,24,0.0125,-0.0651,0.1267,FALSE
Step 4: Unified Real Dual Economy,Full Sample,2,g_H,4,0.0093,-0.0127,0.1267,FALSE
Step 4: Unified Real Dual Economy,Full Sample,2,g_H,6,0.0326,0.0454,0.1267,FALSE
Step 4: Unified Real Dual Economy,Full Sample,2,g_H,12,0.1494,0.1735,0.1267,TRUE
Step 4: Unified Real Dual Economy,Full Sample,2,g_H,24,0.1948,0.1439,0.1267,TRUE
Step 4: Unified Real Dual Economy,Full Sample,2,d_theta,4,0.0411,0.0062,0.1267,FALSE
Step 4: Unified Real Dual Economy,Full Sample,2,d_theta,6,0.116,0.0888,0.1267,FALSE
Step 4: Unified Real Dual Economy,Full Sample,2,d_theta,12,0.2487,0.2339,0.1267,TRUE
Step 4: Unified Real Dual Economy,Full Sample,2,d_theta,24,0.0826,0.02,0.1267,FALSE
Step 4: Unified Real Dual Economy,Full Sample,2,g_Manuf,4,-0.1555,-0.2019,0.1267,TRUE
Step 4: Unified Real Dual Economy,Full Sample,2,g_Manuf,6,-0.0404,-0.1173,0.1267,FALSE
Step 4: Unified Real Dual Economy,Full Sample,2,g_Manuf,12,0.6771,0.5886,0.1267,TRUE
Step 4: Unified Real Dual Economy,Full Sample,2,g_Manuf,24,0.5706,0.1258,0.1267,TRUE
Step 4: Unified Real Dual Economy,Full Sample,2,g_Mining,4,0.0153,-0.0428,0.1267,FALSE
Step 4: Unified Real Dual Economy,Full Sample,2,g_Mining,6,-0.0595,-0.1393,0.1267,TRUE
Step 4: Unified Real Dual Economy,Full Sample,2,g_Mining,12,0.1018,0.0296,0.1267,FALSE
Step 4: Unified Real Dual Economy,Full Sample,2,g_Mining,24,0.1573,0.1161,0.1267,TRUE
Step 4: Unified Real Dual Economy,Pre-Oct73,2,pi_t,4,0.1598,0.1572,0.1571,TRUE
Step 4: Unified Real Dual Economy,Pre-Oct73,2,pi_t,6,-0.0789,-0.0691,0.1571,FALSE
Step 4: Unified Real Dual Economy,Pre-Oct73,2,pi_t,12,0.1244,0.1353,0.1571,FALSE
Step 4: Unified Real Dual Economy,Pre-Oct73,2,pi_t,24,0.0033,-0.0373,0.1571,FALSE
Step 4: Unified Real Dual Economy,Pre-Oct73,2,g_H,4,-0.029,-0.0307,0.1571,FALSE
Step 4: Unified Real Dual Economy,Pre-Oct73,2,g_H,6,0.0407,0.0368,0.1571,FALSE
Step 4: Unified Real Dual Economy,Pre-Oct73,2,g_H,12,0.1207,0.1481,0.1571,FALSE
Step 4: Unified Real Dual Economy,Pre-Oct73,2,g_H,24,0.188,0.1554,0.1571,TRUE
Step 4: Unified Real Dual Economy,Pre-Oct73,2,d_theta,4,0.0256,-0.0275,0.1571,FALSE
Step 4: Unified Real Dual Economy,Pre-Oct73,2,d_theta,6,0.2347,0.2072,0.1571,TRUE
Step 4: Unified Real Dual Economy,Pre-Oct73,2,d_theta,12,0.1787,0.1643,0.1571,TRUE
Step 4: Unified Real Dual Economy,Pre-Oct73,2,d_theta,24,0.0471,0.0258,0.1571,FALSE
Step 4: Unified Real Dual Economy,Pre-Oct73,2,g_Manuf,4,-0.085,-0.1122,0.1571,FALSE
Step 4: Unified Real Dual Economy,Pre-Oct73,2,g_Manuf,6,-0.1599,-0.2291,0.1571,TRUE
Step 4: Unified Real Dual Economy,Pre-Oct73,2,g_Manuf,12,0.6311,0.5448,0.1571,TRUE
Step 4: Unified Real Dual Economy,Pre-Oct73,2,g_Manuf,24,0.5066,0.1116,0.1571,TRUE
Step 4: Unified Real Dual Economy,Pre-Oct73,2,g_Mining,4,-0.0096,-0.0628,0.1571,FALSE
Step 4: Unified Real Dual Economy,Pre-Oct73,2,g_Mining,6,-0.0376,-0.1237,0.1571,FALSE
Step 4: Unified Real Dual Economy,Pre-Oct73,2,g_Mining,12,0.0285,-0.035,0.1571,FALSE
Step 4: Unified Real Dual Economy,Pre-Oct73,2,g_Mining,24,0.1212,0.0959,0.1571,FALSE
Step 4: Unified Real Dual Economy,Post-Oct73,2,pi_t,4,0.0803,0.0505,0.2169,FALSE
Step 4: Unified Real Dual Economy,Post-Oct73,2,pi_t,6,-0.1706,-0.1974,0.2169,FALSE
Step 4: Unified Real Dual Economy,Post-Oct73,2,pi_t,12,0.2772,0.2925,0.2169,TRUE
Step 4: Unified Real Dual Economy,Post-Oct73,2,pi_t,24,-0.0796,-0.1735,0.2169,FALSE
Step 4: Unified Real Dual Economy,Post-Oct73,2,g_H,4,-0.0463,-0.0743,0.2169,FALSE
Step 4: Unified Real Dual Economy,Post-Oct73,2,g_H,6,-0.0984,-0.1293,0.2169,FALSE
Step 4: Unified Real Dual Economy,Post-Oct73,2,g_H,12,0.1881,0.193,0.2169,FALSE
Step 4: Unified Real Dual Economy,Post-Oct73,2,g_H,24,0.1363,0.0653,0.2169,FALSE
Step 4: Unified Real Dual Economy,Post-Oct73,2,d_theta,4,0.1926,0.1527,0.2169,FALSE
Step 4: Unified Real Dual Economy,Post-Oct73,2,d_theta,6,-0.0945,-0.1265,0.2169,FALSE
Step 4: Unified Real Dual Economy,Post-Oct73,2,d_theta,12,0.1963,0.125,0.2169,FALSE
Step 4: Unified Real Dual Economy,Post-Oct73,2,d_theta,24,0.0722,-0.047,0.2169,FALSE
Step 4: Unified Real Dual Economy,Post-Oct73,2,g_Manuf,4,-0.1638,-0.2226,0.2169,TRUE
Step 4: Unified Real Dual Economy,Post-Oct73,2,g_Manuf,6,0.1641,0.0835,0.2169,FALSE
Step 4: Unified Real Dual Economy,Post-Oct73,2,g_Manuf,12,0.4903,0.4167,0.2169,TRUE
Step 4: Unified Real Dual Economy,Post-Oct73,2,g_Manuf,24,0.3455,0.0092,0.2169,TRUE
Step 4: Unified Real Dual Economy,Post-Oct73,2,g_Mining,4,0.0886,0.0255,0.2169,FALSE
Step 4: Unified Real Dual Economy,Post-Oct73,2,g_Mining,6,-0.1121,-0.1378,0.2169,FALSE
Step 4: Unified Real Dual Economy,Post-Oct73,2,g_Mining,12,0.3398,0.2367,0.2169,TRUE
Step 4: Unified Real Dual Economy,Post-Oct73,2,g_Mining,24,0.2119,0.0733,0.2169,FALSE
Step 5: Unified External Cost-Push Belt,Full Sample,1,g_gold,4,0.0669,0.0103,0.1265,FALSE
Step 5: Unified External Cost-Push Belt,Full Sample,1,g_gold,6,-0.0823,-0.0523,0.1265,FALSE
Step 5: Unified External Cost-Push Belt,Full Sample,1,g_gold,12,0.0989,0.0915,0.1265,FALSE
Step 5: Unified External Cost-Push Belt,Full Sample,1,g_gold,24,-0.0225,-0.0051,0.1265,FALSE
Step 5: Unified External Cost-Push Belt,Full Sample,1,g_e,4,0.3127,0.3193,0.1265,TRUE
Step 5: Unified External Cost-Push Belt,Full Sample,1,g_e,6,-0.0136,-0.0544,0.1265,FALSE
Step 5: Unified External Cost-Push Belt,Full Sample,1,g_e,12,0.0033,0.0207,0.1265,FALSE
Step 5: Unified External Cost-Push Belt,Full Sample,1,g_e,24,-0.0066,-0.0447,0.1265,FALSE
Step 5: Unified External Cost-Push Belt,Full Sample,1,d_theta,4,0.0015,-0.1376,0.1265,TRUE
Step 5: Unified External Cost-Push Belt,Full Sample,1,d_theta,6,0.1577,0.1211,0.1265,TRUE
Step 5: Unified External Cost-Push Belt,Full Sample,1,d_theta,12,0.2793,0.1903,0.1265,TRUE
Step 5: Unified External Cost-Push Belt,Full Sample,1,d_theta,24,0.1214,0.0377,0.1265,FALSE
Step 5: Unified External Cost-Push Belt,Full Sample,1,g_H,4,0.05,0.0381,0.1265,FALSE
Step 5: Unified External Cost-Push Belt,Full Sample,1,g_H,6,0.0596,0.0866,0.1265,FALSE
Step 5: Unified External Cost-Push Belt,Full Sample,1,g_H,12,0.2153,0.232,0.1265,TRUE
Step 5: Unified External Cost-Push Belt,Full Sample,1,g_H,24,0.2687,0.1967,0.1265,TRUE
Step 5: Unified External Cost-Push Belt,Full Sample,1,pi_t,4,0.1527,0.1858,0.1265,TRUE
Step 5: Unified External Cost-Push Belt,Full Sample,1,pi_t,6,0.0623,0.0823,0.1265,FALSE
Step 5: Unified External Cost-Push Belt,Full Sample,1,pi_t,12,0.2027,0.1528,0.1265,TRUE
Step 5: Unified External Cost-Push Belt,Full Sample,1,pi_t,24,0.0267,-0.0775,0.1265,FALSE
Step 5: Unified External Cost-Push Belt,Pre-Oct73,1,g_gold,4,0.122,0.0463,0.1567,FALSE
Step 5: Unified External Cost-Push Belt,Pre-Oct73,1,g_gold,6,-0.1363,-0.0975,0.1567,FALSE
Step 5: Unified External Cost-Push Belt,Pre-Oct73,1,g_gold,12,0.1741,0.1657,0.1567,TRUE
Step 5: Unified External Cost-Push Belt,Pre-Oct73,1,g_gold,24,-0.0319,0.0371,0.1567,FALSE
Step 5: Unified External Cost-Push Belt,Pre-Oct73,1,g_e,4,-0.0127,-0.0249,0.1567,FALSE
Step 5: Unified External Cost-Push Belt,Pre-Oct73,1,g_e,6,-0.0278,-0.0278,0.1567,FALSE
Step 5: Unified External Cost-Push Belt,Pre-Oct73,1,g_e,12,-0.0203,0.0227,0.1567,FALSE
Step 5: Unified External Cost-Push Belt,Pre-Oct73,1,g_e,24,0.0336,0.0441,0.1567,FALSE
Step 5: Unified External Cost-Push Belt,Pre-Oct73,1,d_theta,4,-0.0509,-0.2312,0.1567,TRUE
Step 5: Unified External Cost-Push Belt,Pre-Oct73,1,d_theta,6,0.2674,0.1709,0.1567,TRUE
Step 5: Unified External Cost-Push Belt,Pre-Oct73,1,d_theta,12,0.2833,0.1163,0.1567,TRUE
Step 5: Unified External Cost-Push Belt,Pre-Oct73,1,d_theta,24,0.1776,-0.0098,0.1567,TRUE
Step 5: Unified External Cost-Push Belt,Pre-Oct73,1,g_H,4,-0.0126,-0.0263,0.1567,FALSE
Step 5: Unified External Cost-Push Belt,Pre-Oct73,1,g_H,6,0.0161,0.0183,0.1567,FALSE
Step 5: Unified External Cost-Push Belt,Pre-Oct73,1,g_H,12,0.1248,0.1421,0.1567,FALSE
Step 5: Unified External Cost-Push Belt,Pre-Oct73,1,g_H,24,0.1851,0.1641,0.1567,TRUE
Step 5: Unified External Cost-Push Belt,Pre-Oct73,1,pi_t,4,0.2629,0.2032,0.1567,TRUE
Step 5: Unified External Cost-Push Belt,Pre-Oct73,1,pi_t,6,-0.1216,-0.0359,0.1567,FALSE
Step 5: Unified External Cost-Push Belt,Pre-Oct73,1,pi_t,12,0.1912,0.1736,0.1567,TRUE
Step 5: Unified External Cost-Push Belt,Pre-Oct73,1,pi_t,24,0.0697,0.0035,0.1567,FALSE
Step 5: Unified External Cost-Push Belt,Post-Oct73,1,g_gold,4,0.1437,0.0638,0.2157,FALSE
Step 5: Unified External Cost-Push Belt,Post-Oct73,1,g_gold,6,-0.0302,0.021,0.2157,FALSE
Step 5: Unified External Cost-Push Belt,Post-Oct73,1,g_gold,12,0.1215,0.0423,0.2157,FALSE
Step 5: Unified External Cost-Push Belt,Post-Oct73,1,g_gold,24,-0.024,-0.0521,0.2157,FALSE
Step 5: Unified External Cost-Push Belt,Post-Oct73,1,g_e,4,0.2929,-0.0799,0.2157,TRUE
Step 5: Unified External Cost-Push Belt,Post-Oct73,1,g_e,6,0.2558,0.0658,0.2157,TRUE
Step 5: Unified External Cost-Push Belt,Post-Oct73,1,g_e,12,0.119,-0.024,0.2157,FALSE
Step 5: Unified External Cost-Push Belt,Post-Oct73,1,g_e,24,-0.1064,0.0096,0.2157,FALSE
Step 5: Unified External Cost-Push Belt,Post-Oct73,1,d_theta,4,0.0793,0.0166,0.2157,FALSE
Step 5: Unified External Cost-Push Belt,Post-Oct73,1,d_theta,6,-0.1371,-0.1151,0.2157,FALSE
Step 5: Unified External Cost-Push Belt,Post-Oct73,1,d_theta,12,0.1779,0.174,0.2157,FALSE
Step 5: Unified External Cost-Push Belt,Post-Oct73,1,d_theta,24,0.029,-0.0903,0.2157,FALSE
Step 5: Unified External Cost-Push Belt,Post-Oct73,1,g_H,4,0.1018,0.0777,0.2157,FALSE
Step 5: Unified External Cost-Push Belt,Post-Oct73,1,g_H,6,-0.0621,-0.0414,0.2157,FALSE
Step 5: Unified External Cost-Push Belt,Post-Oct73,1,g_H,12,0.2699,0.2918,0.2157,TRUE
Step 5: Unified External Cost-Push Belt,Post-Oct73,1,g_H,24,0.2346,0.1306,0.2157,TRUE
Step 5: Unified External Cost-Push Belt,Post-Oct73,1,pi_t,4,0.1784,0.0585,0.2157,FALSE
Step 5: Unified External Cost-Push Belt,Post-Oct73,1,pi_t,6,0.1284,0.0534,0.2157,FALSE
Step 5: Unified External Cost-Push Belt,Post-Oct73,1,pi_t,12,0.3074,0.2485,0.2157,TRUE
Step 5: Unified External Cost-Push Belt,Post-Oct73,1,pi_t,24,-0.0713,-0.047,0.2157,FALSE
Step 6: Unified Central Bank Solvency System,Full Sample,1,g_SolvR_H,4,0.0059,0.0279,0.1265,FALSE
Step 6: Unified Central Bank Solvency System,Full Sample,1,g_SolvR_H,6,0.2154,0.1771,0.1265,TRUE
Step 6: Unified Central Bank Solvency System,Full Sample,1,g_SolvR_H,12,0.084,0.0288,0.1265,FALSE
Step 6: Unified Central Bank Solvency System,Full Sample,1,g_SolvR_H,24,0.0667,-0.0327,0.1265,FALSE
Step 6: Unified Central Bank Solvency System,Full Sample,1,g_gold,4,0.0573,0.0056,0.1265,FALSE
Step 6: Unified Central Bank Solvency System,Full Sample,1,g_gold,6,-0.0877,-0.0636,0.1265,FALSE
Step 6: Unified Central Bank Solvency System,Full Sample,1,g_gold,12,0.0944,0.0862,0.1265,FALSE
Step 6: Unified Central Bank Solvency System,Full Sample,1,g_gold,24,-0.0223,-0.0019,0.1265,FALSE
Step 6: Unified Central Bank Solvency System,Full Sample,1,g_e,4,0.3101,0.3158,0.1265,TRUE
Step 6: Unified Central Bank Solvency System,Full Sample,1,g_e,6,-0.0067,-0.0508,0.1265,FALSE
Step 6: Unified Central Bank Solvency System,Full Sample,1,g_e,12,0.004,0.0195,0.1265,FALSE
Step 6: Unified Central Bank Solvency System,Full Sample,1,g_e,24,-0.0061,-0.0494,0.1265,FALSE
Step 6: Unified Central Bank Solvency System,Full Sample,1,g_H,4,0.0503,0.0307,0.1265,FALSE
Step 6: Unified Central Bank Solvency System,Full Sample,1,g_H,6,0.0389,0.0667,0.1265,FALSE
Step 6: Unified Central Bank Solvency System,Full Sample,1,g_H,12,0.2079,0.2291,0.1265,TRUE
Step 6: Unified Central Bank Solvency System,Full Sample,1,g_H,24,0.264,0.1912,0.1265,TRUE
Step 6: Unified Central Bank Solvency System,Full Sample,1,pi_t,4,0.1406,0.1695,0.1265,TRUE
Step 6: Unified Central Bank Solvency System,Full Sample,1,pi_t,6,0.0663,0.0806,0.1265,FALSE
Step 6: Unified Central Bank Solvency System,Full Sample,1,pi_t,12,0.1992,0.1542,0.1265,TRUE
Step 6: Unified Central Bank Solvency System,Full Sample,1,pi_t,24,0.0189,-0.0627,0.1265,FALSE
Step 6: Unified Central Bank Solvency System,Pre-Oct73,1,g_SolvR_H,4,-0.0998,-0.0593,0.1567,FALSE
Step 6: Unified Central Bank Solvency System,Pre-Oct73,1,g_SolvR_H,6,0.2058,0.0907,0.1567,TRUE
Step 6: Unified Central Bank Solvency System,Pre-Oct73,1,g_SolvR_H,12,0.1701,0.0565,0.1567,TRUE
Step 6: Unified Central Bank Solvency System,Pre-Oct73,1,g_SolvR_H,24,0.1533,0.0457,0.1567,FALSE
Step 6: Unified Central Bank Solvency System,Pre-Oct73,1,g_gold,4,0.1269,0.0535,0.1567,FALSE
Step 6: Unified Central Bank Solvency System,Pre-Oct73,1,g_gold,6,-0.1482,-0.1073,0.1567,FALSE
Step 6: Unified Central Bank Solvency System,Pre-Oct73,1,g_gold,12,0.1794,0.1703,0.1567,TRUE
Step 6: Unified Central Bank Solvency System,Pre-Oct73,1,g_gold,24,-0.025,0.0447,0.1567,FALSE
Step 6: Unified Central Bank Solvency System,Pre-Oct73,1,g_e,4,-0.0068,-0.0206,0.1567,FALSE
Step 6: Unified Central Bank Solvency System,Pre-Oct73,1,g_e,6,-0.0408,-0.0455,0.1567,FALSE
Step 6: Unified Central Bank Solvency System,Pre-Oct73,1,g_e,12,-0.0343,0.0101,0.1567,FALSE
Step 6: Unified Central Bank Solvency System,Pre-Oct73,1,g_e,24,0.0117,0.0216,0.1567,FALSE
Step 6: Unified Central Bank Solvency System,Pre-Oct73,1,g_H,4,-0.0087,-0.0249,0.1567,FALSE
Step 6: Unified Central Bank Solvency System,Pre-Oct73,1,g_H,6,0.0072,0.0075,0.1567,FALSE
Step 6: Unified Central Bank Solvency System,Pre-Oct73,1,g_H,12,0.1285,0.1482,0.1567,FALSE
Step 6: Unified Central Bank Solvency System,Pre-Oct73,1,g_H,24,0.1831,0.1625,0.1567,TRUE
Step 6: Unified Central Bank Solvency System,Pre-Oct73,1,pi_t,4,0.2493,0.1907,0.1567,TRUE
Step 6: Unified Central Bank Solvency System,Pre-Oct73,1,pi_t,6,-0.1013,-0.0178,0.1567,FALSE
Step 6: Unified Central Bank Solvency System,Pre-Oct73,1,pi_t,12,0.198,0.1766,0.1567,TRUE
Step 6: Unified Central Bank Solvency System,Pre-Oct73,1,pi_t,24,0.072,0.0039,0.1567,FALSE
Step 6: Unified Central Bank Solvency System,Post-Oct73,1,g_SolvR_H,4,0.0811,0.0812,0.2157,FALSE
Step 6: Unified Central Bank Solvency System,Post-Oct73,1,g_SolvR_H,6,0.2248,0.231,0.2157,TRUE
Step 6: Unified Central Bank Solvency System,Post-Oct73,1,g_SolvR_H,12,-0.0854,-0.098,0.2157,FALSE
Step 6: Unified Central Bank Solvency System,Post-Oct73,1,g_SolvR_H,24,0.0614,0.0429,0.2157,FALSE
Step 6: Unified Central Bank Solvency System,Post-Oct73,1,g_gold,4,0.1178,0.0673,0.2157,FALSE
Step 6: Unified Central Bank Solvency System,Post-Oct73,1,g_gold,6,-0.0772,-0.0413,0.2157,FALSE
Step 6: Unified Central Bank Solvency System,Post-Oct73,1,g_gold,12,0.1077,0.0322,0.2157,FALSE
Step 6: Unified Central Bank Solvency System,Post-Oct73,1,g_gold,24,0.0018,-0.0066,0.2157,FALSE
Step 6: Unified Central Bank Solvency System,Post-Oct73,1,g_e,4,0.2554,-0.0333,0.2157,TRUE
Step 6: Unified Central Bank Solvency System,Post-Oct73,1,g_e,6,0.2606,0.0804,0.2157,TRUE
Step 6: Unified Central Bank Solvency System,Post-Oct73,1,g_e,12,0.1461,0.0166,0.2157,FALSE
Step 6: Unified Central Bank Solvency System,Post-Oct73,1,g_e,24,-0.0845,0.0095,0.2157,FALSE
Step 6: Unified Central Bank Solvency System,Post-Oct73,1,g_H,4,0.068,0.0481,0.2157,FALSE
Step 6: Unified Central Bank Solvency System,Post-Oct73,1,g_H,6,-0.111,-0.0792,0.2157,FALSE
Step 6: Unified Central Bank Solvency System,Post-Oct73,1,g_H,12,0.2456,0.2568,0.2157,TRUE
Step 6: Unified Central Bank Solvency System,Post-Oct73,1,g_H,24,0.2296,0.1456,0.2157,TRUE
Step 6: Unified Central Bank Solvency System,Post-Oct73,1,pi_t,4,0.1534,0.0717,0.2157,FALSE
Step 6: Unified Central Bank Solvency System,Post-Oct73,1,pi_t,6,0.1198,0.0727,0.2157,FALSE
Step 6: Unified Central Bank Solvency System,Post-Oct73,1,pi_t,12,0.3108,0.2417,0.2157,TRUE
Step 6: Unified Central Bank Solvency System,Post-Oct73,1,pi_t,24,-0.0634,-0.0273,0.2157,FALSE
