System,Relation,Full_Sample,Pre_Oct73,Post_Oct73,Stability_Class
Step 4: Unified Real Dual Economy,g_H -> g_Manuf,NOT_EVALUABLE — NO SERIAL-ADMISSIBLE VAR,NOT_EVALUABLE — NO SERIAL-ADMISSIBLE VAR,NOT_EVALUABLE — NO SERIAL-ADMISSIBLE VAR,NOT_EVALUABLE
Step 4: Unified Real Dual Economy,g_Manuf -> g_H,NOT_EVALUABLE — NO SERIAL-ADMISSIBLE VAR,NOT_EVALUABLE — NO SERIAL-ADMISSIBLE VAR,NOT_EVALUABLE — NO SERIAL-ADMISSIBLE VAR,NOT_EVALUABLE
Step 4: Unified Real Dual Economy,g_H -> g_Mining,NOT_EVALUABLE — NO SERIAL-ADMISSIBLE VAR,NOT_EVALUABLE — NO SERIAL-ADMISSIBLE VAR,NOT_EVALUABLE — NO SERIAL-ADMISSIBLE VAR,NOT_EVALUABLE
Step 4: Unified Real Dual Economy,g_Mining -> g_H,NOT_EVALUABLE — NO SERIAL-ADMISSIBLE VAR,NOT_EVALUABLE — NO SERIAL-ADMISSIBLE VAR,NOT_EVALUABLE — NO SERIAL-ADMISSIBLE VAR,NOT_EVALUABLE
Step 4: Unified Real Dual Economy,d_theta -> g_Manuf,NOT_EVALUABLE — NO SERIAL-ADMISSIBLE VAR,NOT_EVALUABLE — NO SERIAL-ADMISSIBLE VAR,NOT_EVALUABLE — NO SERIAL-ADMISSIBLE VAR,NOT_EVALUABLE
Step 4: Unified Real Dual Economy,g_Manuf -> d_theta,NOT_EVALUABLE — NO SERIAL-ADMISSIBLE VAR,NOT_EVALUABLE — NO SERIAL-ADMISSIBLE VAR,NOT_EVALUABLE — NO SERIAL-ADMISSIBLE VAR,NOT_EVALUABLE
Step 4: Unified Real Dual Economy,d_theta -> g_Mining,NOT_EVALUABLE — NO SERIAL-ADMISSIBLE VAR,NOT_EVALUABLE — NO SERIAL-ADMISSIBLE VAR,NOT_EVALUABLE — NO SERIAL-ADMISSIBLE VAR,NOT_EVALUABLE
Step 4: Unified Real Dual Economy,g_Mining -> d_theta,NOT_EVALUABLE — NO SERIAL-ADMISSIBLE VAR,NOT_EVALUABLE — NO SERIAL-ADMISSIBLE VAR,NOT_EVALUABLE — NO SERIAL-ADMISSIBLE VAR,NOT_EVALUABLE
Step 4: Unified Real Dual Economy,g_Mining -> g_Manuf,NOT_EVALUABLE — NO SERIAL-ADMISSIBLE VAR,NOT_EVALUABLE — NO SERIAL-ADMISSIBLE VAR,NOT_EVALUABLE — NO SERIAL-ADMISSIBLE VAR,NOT_EVALUABLE
Step 4: Unified Real Dual Economy,g_Manuf -> pi_t,NOT_EVALUABLE — NO SERIAL-ADMISSIBLE VAR,NOT_EVALUABLE — NO SERIAL-ADMISSIBLE VAR,NOT_EVALUABLE — NO SERIAL-ADMISSIBLE VAR,NOT_EVALUABLE
Step 4: Unified Real Dual Economy,pi_t -> g_Manuf,NOT_EVALUABLE — NO SERIAL-ADMISSIBLE VAR,NOT_EVALUABLE — NO SERIAL-ADMISSIBLE VAR,NOT_EVALUABLE — NO SERIAL-ADMISSIBLE VAR,NOT_EVALUABLE
Step 5: Unified External Cost-Push Belt,g_H -> g_gold,NOT_EVALUABLE — NO SERIAL-ADMISSIBLE VAR,NOT_EVALUABLE — NO SERIAL-ADMISSIBLE VAR,NOT_EVALUABLE — NO SERIAL-ADMISSIBLE VAR,NOT_EVALUABLE
Step 5: Unified External Cost-Push Belt,pi_t -> g_gold,NOT_EVALUABLE — NO SERIAL-ADMISSIBLE VAR,NOT_EVALUABLE — NO SERIAL-ADMISSIBLE VAR,NOT_EVALUABLE — NO SERIAL-ADMISSIBLE VAR,NOT_EVALUABLE
Step 5: Unified External Cost-Push Belt,d_theta -> g_gold,NOT_EVALUABLE — NO SERIAL-ADMISSIBLE VAR,NOT_EVALUABLE — NO SERIAL-ADMISSIBLE VAR,NOT_EVALUABLE — NO SERIAL-ADMISSIBLE VAR,NOT_EVALUABLE
Step 5: Unified External Cost-Push Belt,g_e -> g_gold,NOT_EVALUABLE — NO SERIAL-ADMISSIBLE VAR,NOT_EVALUABLE — NO SERIAL-ADMISSIBLE VAR,NOT_EVALUABLE — NO SERIAL-ADMISSIBLE VAR,NOT_EVALUABLE
Step 5: Unified External Cost-Push Belt,g_gold -> pi_t,NOT_EVALUABLE — NO SERIAL-ADMISSIBLE VAR,NOT_EVALUABLE — NO SERIAL-ADMISSIBLE VAR,NOT_EVALUABLE — NO SERIAL-ADMISSIBLE VAR,NOT_EVALUABLE
Step 5: Unified External Cost-Push Belt,g_H -> d_theta,NOT_EVALUABLE — NO SERIAL-ADMISSIBLE VAR,NOT_EVALUABLE — NO SERIAL-ADMISSIBLE VAR,NOT_EVALUABLE — NO SERIAL-ADMISSIBLE VAR,NOT_EVALUABLE
Step 5: Unified External Cost-Push Belt,d_theta -> g_H,NOT_EVALUABLE — NO SERIAL-ADMISSIBLE VAR,NOT_EVALUABLE — NO SERIAL-ADMISSIBLE VAR,NOT_EVALUABLE — NO SERIAL-ADMISSIBLE VAR,NOT_EVALUABLE
Step 5: Unified External Cost-Push Belt,d_theta -> pi_t,NOT_EVALUABLE — NO SERIAL-ADMISSIBLE VAR,NOT_EVALUABLE — NO SERIAL-ADMISSIBLE VAR,NOT_EVALUABLE — NO SERIAL-ADMISSIBLE VAR,NOT_EVALUABLE
Step 5: Unified External Cost-Push Belt,pi_t -> d_theta,NOT_EVALUABLE — NO SERIAL-ADMISSIBLE VAR,NOT_EVALUABLE — NO SERIAL-ADMISSIBLE VAR,NOT_EVALUABLE — NO SERIAL-ADMISSIBLE VAR,NOT_EVALUABLE
Step 5: Unified External Cost-Push Belt,g_e -> pi_t,NOT_EVALUABLE — NO SERIAL-ADMISSIBLE VAR,NOT_EVALUABLE — NO SERIAL-ADMISSIBLE VAR,NOT_EVALUABLE — NO SERIAL-ADMISSIBLE VAR,NOT_EVALUABLE
Step 5: Unified External Cost-Push Belt,pi_t -> g_e,NOT_EVALUABLE — NO SERIAL-ADMISSIBLE VAR,NOT_EVALUABLE — NO SERIAL-ADMISSIBLE VAR,NOT_EVALUABLE — NO SERIAL-ADMISSIBLE VAR,NOT_EVALUABLE
Step 5: Unified External Cost-Push Belt,g_e -> g_H,NOT_EVALUABLE — NO SERIAL-ADMISSIBLE VAR,NOT_EVALUABLE — NO SERIAL-ADMISSIBLE VAR,NOT_EVALUABLE — NO SERIAL-ADMISSIBLE VAR,NOT_EVALUABLE
Step 5: Unified External Cost-Push Belt,g_H -> g_e,NOT_EVALUABLE — NO SERIAL-ADMISSIBLE VAR,NOT_EVALUABLE — NO SERIAL-ADMISSIBLE VAR,NOT_EVALUABLE — NO SERIAL-ADMISSIBLE VAR,NOT_EVALUABLE
Step 6: Unified Central Bank Solvency System,g_SolvR_H -> g_H,NOT_EVALUABLE — NO SERIAL-ADMISSIBLE VAR,"k=3: F=6.98, p=0.0002, sum_beta=0.015 [ADM]",NOT_EVALUABLE — NO SERIAL-ADMISSIBLE VAR,PRE73_ONLY
Step 6: Unified Central Bank Solvency System,g_H -> g_SolvR_H,NOT_EVALUABLE — NO SERIAL-ADMISSIBLE VAR,"k=3: F=2.95, p=0.0347, sum_beta=-0.837 [ADM]",NOT_EVALUABLE — NO SERIAL-ADMISSIBLE VAR,PRE73_ONLY
Step 6: Unified Central Bank Solvency System,pi_t -> g_SolvR_H,NOT_EVALUABLE — NO SERIAL-ADMISSIBLE VAR,"k=3: F=0.69, p=0.5618, sum_beta=0.667 [ADM]",NOT_EVALUABLE — NO SERIAL-ADMISSIBLE VAR,PRE73_ONLY
Step 6: Unified Central Bank Solvency System,g_SolvR_H -> pi_t,NOT_EVALUABLE — NO SERIAL-ADMISSIBLE VAR,"k=3: F=1.01, p=0.3891, sum_beta=0.017 [ADM]",NOT_EVALUABLE — NO SERIAL-ADMISSIBLE VAR,PRE73_ONLY
Step 6: Unified Central Bank Solvency System,g_SolvR_H -> g_e,NOT_EVALUABLE — NO SERIAL-ADMISSIBLE VAR,"k=3: F=3.07, p=0.0297, sum_beta=0.129 [ADM]",NOT_EVALUABLE — NO SERIAL-ADMISSIBLE VAR,PRE73_ONLY
Step 6: Unified Central Bank Solvency System,g_e -> g_SolvR_H,NOT_EVALUABLE — NO SERIAL-ADMISSIBLE VAR,"k=3: F=1.64, p=0.1820, sum_beta=-0.378 [ADM]",NOT_EVALUABLE — NO SERIAL-ADMISSIBLE VAR,PRE73_ONLY
Step 6: Unified Central Bank Solvency System,g_gold -> g_SolvR_H,NOT_EVALUABLE — NO SERIAL-ADMISSIBLE VAR,"k=3: F=0.54, p=0.6562, sum_beta=0.400 [ADM]",NOT_EVALUABLE — NO SERIAL-ADMISSIBLE VAR,PRE73_ONLY
Step 6: Unified Central Bank Solvency System,g_SolvR_H -> g_gold,NOT_EVALUABLE — NO SERIAL-ADMISSIBLE VAR,"k=3: F=2.24, p=0.0861, sum_beta=0.040 [ADM]",NOT_EVALUABLE — NO SERIAL-ADMISSIBLE VAR,PRE73_ONLY
