System,Relation,Canonical_k,Nonseasonal_Conditional,Seasonal_Conditional,Sign_Change,Significance_Change,Classification
Step 4: Unified Real Dual Economy,g_H -> g_Manuf,2,UNADMISSIBLE IN BASELINE,NOT_EVALUABLE — NO SERIAL-ADMISSIBLE SEASONAL VAR,NOT_APPLICABLE,NOT_APPLICABLE,NOT_EVALUABLE
Step 4: Unified Real Dual Economy,g_Manuf -> g_H,2,UNADMISSIBLE IN BASELINE,NOT_EVALUABLE — NO SERIAL-ADMISSIBLE SEASONAL VAR,NOT_APPLICABLE,NOT_APPLICABLE,NOT_EVALUABLE
Step 4: Unified Real Dual Economy,g_H -> g_Mining,2,UNADMISSIBLE IN BASELINE,NOT_EVALUABLE — NO SERIAL-ADMISSIBLE SEASONAL VAR,NOT_APPLICABLE,NOT_APPLICABLE,NOT_EVALUABLE
Step 4: Unified Real Dual Economy,g_Mining -> g_H,2,UNADMISSIBLE IN BASELINE,NOT_EVALUABLE — NO SERIAL-ADMISSIBLE SEASONAL VAR,NOT_APPLICABLE,NOT_APPLICABLE,NOT_EVALUABLE
Step 4: Unified Real Dual Economy,d_theta -> g_Manuf,2,UNADMISSIBLE IN BASELINE,NOT_EVALUABLE — NO SERIAL-ADMISSIBLE SEASONAL VAR,NOT_APPLICABLE,NOT_APPLICABLE,NOT_EVALUABLE
Step 4: Unified Real Dual Economy,g_Manuf -> d_theta,2,UNADMISSIBLE IN BASELINE,NOT_EVALUABLE — NO SERIAL-ADMISSIBLE SEASONAL VAR,NOT_APPLICABLE,NOT_APPLICABLE,NOT_EVALUABLE
Step 4: Unified Real Dual Economy,d_theta -> g_Mining,2,UNADMISSIBLE IN BASELINE,NOT_EVALUABLE — NO SERIAL-ADMISSIBLE SEASONAL VAR,NOT_APPLICABLE,NOT_APPLICABLE,NOT_EVALUABLE
Step 4: Unified Real Dual Economy,g_Mining -> d_theta,2,UNADMISSIBLE IN BASELINE,NOT_EVALUABLE — NO SERIAL-ADMISSIBLE SEASONAL VAR,NOT_APPLICABLE,NOT_APPLICABLE,NOT_EVALUABLE
Step 4: Unified Real Dual Economy,g_Mining -> g_Manuf,2,UNADMISSIBLE IN BASELINE,NOT_EVALUABLE — NO SERIAL-ADMISSIBLE SEASONAL VAR,NOT_APPLICABLE,NOT_APPLICABLE,NOT_EVALUABLE
Step 4: Unified Real Dual Economy,g_Manuf -> pi_t,2,UNADMISSIBLE IN BASELINE,NOT_EVALUABLE — NO SERIAL-ADMISSIBLE SEASONAL VAR,NOT_APPLICABLE,NOT_APPLICABLE,NOT_EVALUABLE
Step 4: Unified Real Dual Economy,pi_t -> g_Manuf,2,UNADMISSIBLE IN BASELINE,NOT_EVALUABLE — NO SERIAL-ADMISSIBLE SEASONAL VAR,NOT_APPLICABLE,NOT_APPLICABLE,NOT_EVALUABLE
Step 5: Unified External Cost-Push Belt,g_H -> g_gold,1,UNADMISSIBLE IN BASELINE,NOT_EVALUABLE — NO SERIAL-ADMISSIBLE SEASONAL VAR,NOT_APPLICABLE,NOT_APPLICABLE,NOT_EVALUABLE
Step 5: Unified External Cost-Push Belt,pi_t -> g_gold,1,UNADMISSIBLE IN BASELINE,NOT_EVALUABLE — NO SERIAL-ADMISSIBLE SEASONAL VAR,NOT_APPLICABLE,NOT_APPLICABLE,NOT_EVALUABLE
Step 5: Unified External Cost-Push Belt,d_theta -> g_gold,1,UNADMISSIBLE IN BASELINE,NOT_EVALUABLE — NO SERIAL-ADMISSIBLE SEASONAL VAR,NOT_APPLICABLE,NOT_APPLICABLE,NOT_EVALUABLE
Step 5: Unified External Cost-Push Belt,g_e -> g_gold,1,UNADMISSIBLE IN BASELINE,NOT_EVALUABLE — NO SERIAL-ADMISSIBLE SEASONAL VAR,NOT_APPLICABLE,NOT_APPLICABLE,NOT_EVALUABLE
Step 5: Unified External Cost-Push Belt,g_gold -> pi_t,1,UNADMISSIBLE IN BASELINE,NOT_EVALUABLE — NO SERIAL-ADMISSIBLE SEASONAL VAR,NOT_APPLICABLE,NOT_APPLICABLE,NOT_EVALUABLE
Step 5: Unified External Cost-Push Belt,g_H -> d_theta,1,UNADMISSIBLE IN BASELINE,NOT_EVALUABLE — NO SERIAL-ADMISSIBLE SEASONAL VAR,NOT_APPLICABLE,NOT_APPLICABLE,NOT_EVALUABLE
Step 5: Unified External Cost-Push Belt,d_theta -> g_H,1,UNADMISSIBLE IN BASELINE,NOT_EVALUABLE — NO SERIAL-ADMISSIBLE SEASONAL VAR,NOT_APPLICABLE,NOT_APPLICABLE,NOT_EVALUABLE
Step 5: Unified External Cost-Push Belt,d_theta -> pi_t,1,UNADMISSIBLE IN BASELINE,NOT_EVALUABLE — NO SERIAL-ADMISSIBLE SEASONAL VAR,NOT_APPLICABLE,NOT_APPLICABLE,NOT_EVALUABLE
Step 5: Unified External Cost-Push Belt,pi_t -> d_theta,1,UNADMISSIBLE IN BASELINE,NOT_EVALUABLE — NO SERIAL-ADMISSIBLE SEASONAL VAR,NOT_APPLICABLE,NOT_APPLICABLE,NOT_EVALUABLE
Step 5: Unified External Cost-Push Belt,g_e -> pi_t,1,UNADMISSIBLE IN BASELINE,NOT_EVALUABLE — NO SERIAL-ADMISSIBLE SEASONAL VAR,NOT_APPLICABLE,NOT_APPLICABLE,NOT_EVALUABLE
Step 5: Unified External Cost-Push Belt,pi_t -> g_e,1,UNADMISSIBLE IN BASELINE,NOT_EVALUABLE — NO SERIAL-ADMISSIBLE SEASONAL VAR,NOT_APPLICABLE,NOT_APPLICABLE,NOT_EVALUABLE
Step 5: Unified External Cost-Push Belt,g_e -> g_H,1,UNADMISSIBLE IN BASELINE,NOT_EVALUABLE — NO SERIAL-ADMISSIBLE SEASONAL VAR,NOT_APPLICABLE,NOT_APPLICABLE,NOT_EVALUABLE
Step 5: Unified External Cost-Push Belt,g_H -> g_e,1,UNADMISSIBLE IN BASELINE,NOT_EVALUABLE — NO SERIAL-ADMISSIBLE SEASONAL VAR,NOT_APPLICABLE,NOT_APPLICABLE,NOT_EVALUABLE
Step 6: Unified Central Bank Solvency System,g_SolvR_H -> g_H,1,UNADMISSIBLE IN BASELINE,NOT_EVALUABLE — NO SERIAL-ADMISSIBLE SEASONAL VAR,NOT_APPLICABLE,NOT_APPLICABLE,NOT_EVALUABLE
Step 6: Unified Central Bank Solvency System,g_H -> g_SolvR_H,1,UNADMISSIBLE IN BASELINE,NOT_EVALUABLE — NO SERIAL-ADMISSIBLE SEASONAL VAR,NOT_APPLICABLE,NOT_APPLICABLE,NOT_EVALUABLE
Step 6: Unified Central Bank Solvency System,pi_t -> g_SolvR_H,1,UNADMISSIBLE IN BASELINE,NOT_EVALUABLE — NO SERIAL-ADMISSIBLE SEASONAL VAR,NOT_APPLICABLE,NOT_APPLICABLE,NOT_EVALUABLE
Step 6: Unified Central Bank Solvency System,g_SolvR_H -> pi_t,1,UNADMISSIBLE IN BASELINE,NOT_EVALUABLE — NO SERIAL-ADMISSIBLE SEASONAL VAR,NOT_APPLICABLE,NOT_APPLICABLE,NOT_EVALUABLE
Step 6: Unified Central Bank Solvency System,g_SolvR_H -> g_e,1,UNADMISSIBLE IN BASELINE,NOT_EVALUABLE — NO SERIAL-ADMISSIBLE SEASONAL VAR,NOT_APPLICABLE,NOT_APPLICABLE,NOT_EVALUABLE
Step 6: Unified Central Bank Solvency System,g_e -> g_SolvR_H,1,UNADMISSIBLE IN BASELINE,NOT_EVALUABLE — NO SERIAL-ADMISSIBLE SEASONAL VAR,NOT_APPLICABLE,NOT_APPLICABLE,NOT_EVALUABLE
Step 6: Unified Central Bank Solvency System,g_gold -> g_SolvR_H,1,UNADMISSIBLE IN BASELINE,NOT_EVALUABLE — NO SERIAL-ADMISSIBLE SEASONAL VAR,NOT_APPLICABLE,NOT_APPLICABLE,NOT_EVALUABLE
Step 6: Unified Central Bank Solvency System,g_SolvR_H -> g_gold,1,UNADMISSIBLE IN BASELINE,NOT_EVALUABLE — NO SERIAL-ADMISSIBLE SEASONAL VAR,NOT_APPLICABLE,NOT_APPLICABLE,NOT_EVALUABLE
