System,Lag_k,Seasonal_Terms,Total_Params,Resid_DF,AIC,BIC,HQ,Max_Root,Gate_A_Stable,Sys_BG_stat,Sys_BG_df,Sys_BG_pval,Gate_B_Pass,Min_Eq_BG_pval,Gate_C_Pass,Serial_Admissible,PT24_pval
Step 4: Unified Real Dual Economy,1,NO (Baseline),30,244,24.5099,24.9325,24.68,0.5843,TRUE,309.773,100,0,FALSE,0,FALSE,FALSE,0
Step 4: Unified Real Dual Economy,1,YES (+11 Dummies),85,233,23.4447,24.642,23.9266,0.6172,TRUE,250.796,100,0,FALSE,0,FALSE,FALSE,0
Step 4: Unified Real Dual Economy,2,NO (Baseline),55,238,24.248,25.025,24.5608,0.8198,TRUE,228.74,100,0,FALSE,0,FALSE,FALSE,0
Step 4: Unified Real Dual Economy,2,YES (+11 Dummies),110,227,23.2985,24.8524,23.9239,0.8234,TRUE,185.652,100,0,FALSE,0,FALSE,FALSE,0
Step 4: Unified Real Dual Economy,3,NO (Baseline),80,232,24.1499,25.2833,24.6061,0.8959,TRUE,185.842,100,0,FALSE,1e-4,FALSE,FALSE,0
Step 4: Unified Real Dual Economy,3,YES (+11 Dummies),135,221,23.2956,25.2082,24.0656,0.9022,TRUE,153.689,100,5e-4,FALSE,0.0018,FALSE,FALSE,0
Step 4: Unified Real Dual Economy,4,NO (Baseline),105,226,24.1191,25.611,24.7198,0.9428,TRUE,142.693,100,0.0033,FALSE,0.0011,FALSE,FALSE,0
Step 4: Unified Real Dual Economy,4,YES (+11 Dummies),160,215,23.3787,25.652,24.2939,0.9445,TRUE,116.247,100,0.1275,TRUE,0.0354,FALSE,FALSE,1e-4
Step 5: Unified External Cost-Push Belt,1,NO (Baseline),30,244,21.7531,22.1756,21.9231,0.5752,TRUE,310.163,100,0,FALSE,0,FALSE,FALSE,0
Step 5: Unified External Cost-Push Belt,1,YES (+11 Dummies),85,233,21.936,23.1333,22.4179,0.5855,TRUE,325.165,100,0,FALSE,0,FALSE,FALSE,0
Step 5: Unified External Cost-Push Belt,2,NO (Baseline),55,238,21.6409,22.4179,21.9536,0.8118,TRUE,265.969,100,0,FALSE,0,FALSE,FALSE,0
Step 5: Unified External Cost-Push Belt,2,YES (+11 Dummies),110,227,21.8495,23.4034,22.4749,0.8172,TRUE,285.85,100,0,FALSE,0,FALSE,FALSE,0
Step 5: Unified External Cost-Push Belt,3,NO (Baseline),80,232,21.6643,22.7977,22.1206,0.9082,TRUE,247.077,100,0,FALSE,0,FALSE,FALSE,0
Step 5: Unified External Cost-Push Belt,3,YES (+11 Dummies),135,221,21.8522,23.7647,22.6221,0.9134,TRUE,264.487,100,0,FALSE,0,FALSE,FALSE,0
Step 5: Unified External Cost-Push Belt,4,NO (Baseline),105,226,21.2442,22.7361,21.8448,0.9165,TRUE,165.719,100,0,FALSE,0,FALSE,FALSE,0
Step 5: Unified External Cost-Push Belt,4,YES (+11 Dummies),160,215,21.3617,23.635,22.277,0.9259,TRUE,173.633,100,0,FALSE,1e-4,FALSE,FALSE,0
Step 6: Unified Central Bank Solvency System,1,NO (Baseline),30,244,20.8273,21.2499,20.9974,0.5707,TRUE,314.3,100,0,FALSE,0,FALSE,FALSE,0
Step 6: Unified Central Bank Solvency System,1,YES (+11 Dummies),85,233,21.0356,22.2329,21.5175,0.5845,TRUE,318.055,100,0,FALSE,0,FALSE,FALSE,0
Step 6: Unified Central Bank Solvency System,2,NO (Baseline),55,238,20.7358,21.5127,21.0485,0.82,TRUE,283.681,100,0,FALSE,0,FALSE,FALSE,0
Step 6: Unified Central Bank Solvency System,2,YES (+11 Dummies),110,227,20.9991,22.553,21.6246,0.8282,TRUE,295.152,100,0,FALSE,0,FALSE,FALSE,0
Step 6: Unified Central Bank Solvency System,3,NO (Baseline),80,232,20.6857,21.819,21.1419,0.9083,TRUE,243.203,100,0,FALSE,0,FALSE,FALSE,0
Step 6: Unified Central Bank Solvency System,3,YES (+11 Dummies),135,221,20.9247,22.8372,21.6946,0.9127,TRUE,259.522,100,0,FALSE,0,FALSE,FALSE,0
Step 6: Unified Central Bank Solvency System,4,NO (Baseline),105,226,20.2787,21.7706,20.8794,0.9102,TRUE,182.89,100,0,FALSE,0,FALSE,FALSE,1e-4
Step 6: Unified Central Bank Solvency System,4,YES (+11 Dummies),160,215,20.4509,22.7242,21.3662,0.9223,TRUE,187.332,100,0,FALSE,0,FALSE,FALSE,3e-4
