"Variable","Mean","Std_Dev"
"Log Real NFC Output",14.7336362733712,1.10690708071944
"Log Core Capital Stock",14.1575218836506,1.8097231583707
"Log Output-Capital Ratio",0.576114389720594,0.730836703974522
"Mechanization Gap",-0.637187868332578,0.277507674163024
"Output Growth",0.0388697237918882,0.0510195673843823
"Capital Growth",0.0588989615625194,0.0452756999904613
"Net Wage Share",0.706841045379168,0.0287055880750241
"Gross Wage Share",0.623245553359619,0.0254768420039939
"IPP Capital Share",0.0844275156001899,0.042502832045459
"Effective Wage Pressure",0.647139195709831,0.0406507048656807
