Location,Original_Wording,Problem,Revised_Wording,Basis,Change_Type
"sec05_4.tex:76-81","autonomous international forcing variable... proven exogenous ($p > 0.10$)","Overstatement of exogeneity and proof claim","treated as block-exogenous in the recursive ordering... supported by the absence of detected domestic feedback... and small-open-economy assumption","Recursive block exogeneity in SVAR/TVAR; unrestricted TVAR gold equation p > 0.10",EXOGENEITY_TONE_CALIBRATION
"sec05_4.tex:94","difference-stationary ($I(0)$) and formally satisfies the asymptotic regularity conditions","Inaccurate term and overreach on regularity conditions","stationary ($I(0)$) and satisfies the relevant integration-order requirement","Stationary differenced series; Hansen (1997, 2000) integration requirements",TERMINOLOGY_AND_REGULARITY_CALIBRATION
"sec05_4.tex:101","linear vector autoregression is decisively rejected. The data confirm that the relationship ... is structurally non-linear","Proof claim of structural non-linearity","The bootstrap threshold test rejects the constant-parameter linear specification in favor of the estimated threshold alternative, providing evidence against parameter constancy across the solvency growth gap dimension","Hansen bootstrap test of linear vs threshold model",INFERENCE_CALIBRATION
"sec05_4.tex:171","in accordance with Granger non-causality evidence ($p = 0.406$ for $g^H$) and Latin American structuralist theory","Cross-referencing retired pairwise statistic p = 0.406","reflecting the institutional transmission structure wherein real trade bottlenecks pass through import costs and distributed wages... (supplementary linear estimations in Appendix E do not contradict this restriction)","Structuralist institutional transmission; removal of retired statistic",RETIRED_STATISTIC_REMOVAL
"sec05_4.tex:181","confirms that the estimated non-linearities reflect genuine structural regime shifts rather than local sample sensitivity","Ontological claim of genuine structural regimes","indicates that the estimated threshold behavior and qualitative regime differences are preserved across alternative threshold locations rather than being driven by local sample sensitivity","Robustness checks across threshold grid",STABILITY_CLAIM_CALIBRATION
"sec05_4.tex:207","The dynamic Generalized Impulse Response trajectories in Figure 4 refute that premise","Absolute falsification claim","The dynamic Generalized Impulse Response trajectories in Figure 4 are difficult to reconcile with that premise","Methodological modesty and empirical bounds",CAUSAL_LANGUAGE_CALIBRATION
"sec05_4.tex:234","reverse accommodation... dominates forward transmission across all horizons","Factual overreach across all horizons","reverse accommodation... is more persistent and larger in cumulative magnitude over the reported horizon than forward transmission; the point-wise difference is statistically significant from months 2 through 10","Multiplier difference test Delta(h) significant at h=2..10",HORIZON_PRECISION_CALIBRATION
"sec05_4.tex:277","The Threshold VAR reveals the true transmission direction","Claim to reveal true transmission direction","Within the identified TVAR, the estimated response from inflation to base-money growth is more persistent and cumulatively larger under insolvency than the reverse response, more consistent with a substantial accommodation channel than with a purely autonomous-money interpretation","Causal-language contract and identified TVAR boundaries",TRUTH_CLAIM_CALIBRATION
"tab03.tex:22","difference-stationary ($I(0)$)","Inaccurate nomenclature","stationary ($I(0)$)","Standard time-series nomenclature",TERMINOLOGY_CALIBRATION
"tab04.tex:38","in accordance with Granger non-causality evidence ($p = 0.406$ for $g^H$) and Latin American structuralist theory","Cross-referencing retired statistic p = 0.406","in accordance with the institutional transmission structure and Latin American structuralist theory","Removal of retired statistic",RETIRED_STATISTIC_REMOVAL
