System,K,Lag_k,Is_Canonical_k,Is_Target_System,N_orig,N_common,Obs_Lost,Deviance,LogLik,Total_Params,Resid_DF,AIC,BIC,HQ,FPE,Max_Root,Gate_A_Stable,Sys_BG_stat,Sys_BG_df,Sys_BG_pval,Gate_B_Pass,Min_Eq_BG_pval,Gate_C_Pass,Serial_Admissible,PT12_pval,PT24_pval,Strong_Serial_Admissible
Step 1: Master Nominal Core,2,4,FALSE,FALSE,251,239,12,3002.7,-1501.35,18,230,7.0217,7.2545,7.1155,1139.7235728195374,0.939,TRUE,10.175,16,0.8573,TRUE,0.2176,TRUE,TRUE,0.2193,0.5743,TRUE
Step 1: Master Nominal Core,2,5,FALSE,FALSE,251,239,12,2999.436,-1499.718,22,228,7.0416,7.3325,7.1588,1162.6062255709476,0.9499,TRUE,10.969,16,0.8114,TRUE,0.0882,TRUE,TRUE,0.088,0.4167,TRUE
Step 1: Master Nominal Core,2,6,FALSE,FALSE,251,239,12,2998.878,-1499.439,26,226,7.0727,7.4218,7.2134,1199.4782143833631,0.9484,TRUE,11.133,16,0.8012,TRUE,0.1069,TRUE,TRUE,0.0365,0.2955,TRUE
Step 1: Master Nominal Core,2,7,FALSE,FALSE,251,239,12,2997.05,-1498.525,30,224,7.0985,7.5058,7.2626,1231.000407572457,0.9457,TRUE,14.667,16,0.5492,TRUE,0.2015,TRUE,TRUE,0.0116,0.1888,TRUE
Step 1: Master Nominal Core,2,8,FALSE,FALSE,251,239,12,2991.428,-1495.714,34,222,7.1085,7.5739,7.296,1243.4966028617514,0.9528,TRUE,17.785,16,0.3367,TRUE,0.0512,TRUE,TRUE,0.0181,0.2656,TRUE
Step 1: Master Nominal Core,2,9,FALSE,FALSE,251,239,12,2982.94,-1491.47,38,220,7.1064,7.6301,7.3174,1241.193986246765,0.9683,TRUE,13.53,16,0.6337,TRUE,0.1689,TRUE,TRUE,0.0243,0.3164,TRUE
Step 1: Master Nominal Core,2,10,FALSE,FALSE,251,239,12,2980.857,-1490.428,42,218,7.1312,7.713,7.3656,1272.6084003010747,0.9735,TRUE,14.229,16,0.5817,TRUE,0.3613,TRUE,TRUE,0.0032,0.273,TRUE
Step 1: Master Nominal Core,2,11,FALSE,FALSE,251,239,12,2978.282,-1489.141,46,216,7.1539,7.7939,7.4118,1302.1996235661172,0.9781,TRUE,20.337,16,0.2054,TRUE,0.554,TRUE,TRUE,2e-4,0.1666,TRUE
Step 1: Master Nominal Core,2,12,FALSE,FALSE,251,239,12,2962.216,-1481.108,50,214,7.1201,7.8183,7.4015,1259.4157655887063,0.9835,TRUE,10.68,16,0.8288,TRUE,0.268,TRUE,TRUE,NA,0.5271,TRUE
Step 2: Banking Bifurcation A (Credit Lead),3,3,FALSE,FALSE,180,168,12,3002.511,-1501.256,30,158,9.6799,10.182,9.8837,16581.2220428594,0.9155,TRUE,30.445,36,0.7297,TRUE,0.1577,TRUE,TRUE,0.0117,0.0054,FALSE
Step 2: Banking Bifurcation A (Credit Lead),3,4,FALSE,FALSE,180,168,12,2990.304,-1495.152,39,155,9.7144,10.3838,9.9861,17171.652638375333,0.9433,TRUE,29.356,36,0.7755,TRUE,0.1828,TRUE,TRUE,0.0274,0.007,FALSE
Step 2: Banking Bifurcation A (Credit Lead),3,5,FALSE,FALSE,180,168,12,2981.976,-1490.988,48,152,9.7719,10.6087,10.1115,18203.904710492352,0.9516,TRUE,26.66,36,0.8714,TRUE,0.1474,TRUE,TRUE,0.0204,0.0081,FALSE
Step 2: Banking Bifurcation A (Credit Lead),3,6,FALSE,FALSE,180,168,12,2979.265,-1489.633,57,149,9.8629,10.8671,10.2705,19961.817248514304,0.9443,TRUE,28.849,36,0.7956,TRUE,0.2102,TRUE,TRUE,0.0047,0.0038,FALSE
Step 2: Banking Bifurcation A (Credit Lead),3,7,FALSE,FALSE,180,168,12,2966.421,-1483.211,66,146,9.8936,11.0651,10.3691,20617.414176366183,0.951,TRUE,26.284,36,0.8825,TRUE,0.2682,TRUE,TRUE,0.0026,0.002,FALSE
Step 2: Banking Bifurcation A (Credit Lead),3,12,FALSE,FALSE,180,168,12,2874.65,-1437.325,111,131,9.8831,11.8914,10.6981,20760.75321519196,0.9814,TRUE,44.147,36,0.1652,TRUE,0.2441,TRUE,TRUE,NA,0.0536,TRUE
Step 3: Banking Bifurcation B (Multiplier Deconstruction),3,3,FALSE,FALSE,180,168,12,3002.511,-1501.256,30,158,9.6799,10.182,9.8837,16581.2220428594,0.9155,TRUE,30.445,36,0.7297,TRUE,0.1577,TRUE,TRUE,0.0117,0.0054,FALSE
Step 3: Banking Bifurcation B (Multiplier Deconstruction),3,4,FALSE,FALSE,180,168,12,2990.304,-1495.152,39,155,9.7144,10.3838,9.9861,17171.652638375366,0.9433,TRUE,29.356,36,0.7755,TRUE,0.1828,TRUE,TRUE,0.0274,0.007,FALSE
Step 3: Banking Bifurcation B (Multiplier Deconstruction),3,5,FALSE,FALSE,180,168,12,2981.976,-1490.988,48,152,9.7719,10.6087,10.1115,18203.90471049245,0.9516,TRUE,26.66,36,0.8714,TRUE,0.1474,TRUE,TRUE,0.0204,0.0081,FALSE
Step 3: Banking Bifurcation B (Multiplier Deconstruction),3,6,FALSE,FALSE,180,168,12,2979.265,-1489.633,57,149,9.8629,10.8671,10.2705,19961.81724851441,0.9443,TRUE,28.849,36,0.7956,TRUE,0.2102,TRUE,TRUE,0.0047,0.0038,FALSE
Step 3: Banking Bifurcation B (Multiplier Deconstruction),3,7,FALSE,FALSE,180,168,12,2966.421,-1483.211,66,146,9.8936,11.0651,10.3691,20617.414176366256,0.951,TRUE,26.284,36,0.8825,TRUE,0.603,TRUE,TRUE,0.0026,0.002,FALSE
Step 3: Banking Bifurcation B (Multiplier Deconstruction),3,8,FALSE,FALSE,180,168,12,2960.266,-1480.133,75,143,9.9641,11.303,10.5075,22170.848295831984,0.9605,TRUE,33.93,36,0.5674,TRUE,0.3548,TRUE,TRUE,0.001,6e-4,FALSE
Step 3: Banking Bifurcation B (Multiplier Deconstruction),3,12,FALSE,FALSE,180,168,12,2874.65,-1437.325,111,131,9.8831,11.8914,10.6981,20760.753215192108,0.9814,TRUE,44.147,36,0.1652,TRUE,0.4125,TRUE,TRUE,NA,0.0536,TRUE
