mirrored_name,artifact_kind,origin,source_path,sha256,source_mtime,bytes,consumer_file,consumer_line
fig4_reconstructed_capacity_utilization.png,figure,mirrored,output/US/S60_CAPACITY_RECOVERY/figures/fig4_reconstructed_capacity_utilization.png,1b537a6714b8b58e02696dee7871116db9bde952ecae78a4af7432457e3256a6,2026-08-05 18:07,210547,section4.tex,357
fig6_transformation_elasticity_overaccumulation.png,figure,mirrored,output/US/S60_CAPACITY_RECOVERY/figures/fig6_transformation_elasticity_overaccumulation.png,34b12c4c560dfdb95e49bea6f747262c6cec955b45625c248cfb12af863a2a8b,2026-08-05 18:07,287844,section4.tex,336
fig_cl_capital_levels_loess.png,figure,mirrored,output/CL/S20_EXTERNAL_CONSTRAINT_ADMISSIBILITY/fig_cl_capital_levels_loess.png,0ad806b33ce2917c937beeb61ee914803aedf34e5952af329f56e18d92fda50e,2026-07-27 20:27,95133,section4.tex,85
fig_cl_kappa_regime_bands.png,figure,mirrored,output/CL/S20_EXTERNAL_CONSTRAINT_ADMISSIBILITY/fig_cl_kappa_regime_bands.png,5c93346329e40ffeeca8dccf41aa13a72808f0b816f40ba6b9b05d932cd01fd0,2026-07-27 20:27,102493,section4.tex,92
us_capital_levels_loess.png,figure,mirrored,output/figures/us_capital_levels_loess.png,10e2107b1694ed7c0e228a829d40a20691058a068543d21ffc0e9d2afe6a407d,2026-07-25 21:11,199945,section4.tex,71
us_tau_regime_bands.png,figure,mirrored,output/figures/us_tau_regime_bands.png,dd3776262d0793fefab70db7d9a9aab2a510d50116239b355c28efbdbe0026e5,2026-07-25 21:11,243240,section4.tex,78
inline_appendixD_critical_values_for_the_cointegration_diagnostic.tex,table,extracted,appendixD.tex (inline),1bc6ff89702b512d8b89b7d361cc3488824bd191f4fe2797cc3d5e1cf9fe9735,2026-08-06 03:32,812,appendixD.tex,27
inline_section3_coherence.tex,table,extracted,section3.tex (inline),b845004333d2c2f1668fd85e921b9c0afd34bbc16adf334903521e200adb64dc,2026-08-07 16:43,1255,section3.tex,866
table_chile_threshold_imols_CORE.tex,table,mirrored,reports/Chile_Section33_Peripheral_IMOLS_Results/table_chile_threshold_imols_CORE.tex,67fc9a54d6c8f1cac0bc61bd1c586362cccea5c1b72113399b5119b64a98d03a,2026-08-06 03:09,3226,section4.tex,746
table_chile_threshold_imols_TRIAD.tex,table,mirrored,reports/Chile_Section33_Peripheral_IMOLS_Results/table_chile_threshold_imols_TRIAD.tex,c91ccb1c286256e741a4b5acbeb49065f33bc90230ef9e06c36dba6ac05fa498,2026-08-06 03:09,2416,appendixD.tex,96
table_specA_set1_gva_CORE.tex,table,mirrored,reports/US_Section31_IMOLS_Results/table_specA_set1_gva_CORE.tex,cdb37ff31d92894bbda0060fe0eaeac1bc2dc0f4f79de10e10b4d2ea21927cba,2026-08-06 03:09,2585,section4.tex,227
table_specA_set1_gva_TRIAD.tex,table,mirrored,reports/US_Section31_IMOLS_Results/table_specA_set1_gva_TRIAD.tex,186515e0e6fa422c88e9f4ac8bfe96d6a3ed7a8249cb959d7fd0851368dd51a9,2026-08-06 03:09,2438,appendixD.tex,76
table_specA_set1_nva_CORE.tex,table,mirrored,reports/US_Section31_IMOLS_Results/table_specA_set1_nva_CORE.tex,5a2175a1b58d60a7a62671badf64b23dfbd817d79088fc20439096746176c555,2026-08-06 03:09,2588,section4.tex,229
table_specA_set1_nva_TRIAD.tex,table,mirrored,reports/US_Section31_IMOLS_Results/table_specA_set1_nva_TRIAD.tex,65e9b0b4b61dcf3f5319e1cd73546c70518dea1fe2c5129bf9a40b4455c3b83a,2026-08-06 03:09,2421,appendixD.tex,78
table_specA_set2_gva_CORE.tex,table,mirrored,reports/US_Section31_IMOLS_Results/table_specA_set2_gva_CORE.tex,610e306938836d05adce6cb4146edf71cc7d2931c4bb06aa6030e1433d65dd74,2026-08-06 03:09,2584,section4.tex,231
table_specA_set2_gva_TRIAD.tex,table,mirrored,reports/US_Section31_IMOLS_Results/table_specA_set2_gva_TRIAD.tex,6b0c1d694935dbf30fce4be0dca6050c9e91839bc693ba4ad8c9d9893519bee8,2026-08-06 03:09,2426,appendixD.tex,80
table_specA_set2_nva_CORE.tex,table,mirrored,reports/US_Section31_IMOLS_Results/table_specA_set2_nva_CORE.tex,5d9f06742a0b8fbcf2dcccd25cfdc62436417ff23c36867bc52c093ab8c2eae6,2026-08-06 03:09,2599,section4.tex,233
table_specA_set2_nva_TRIAD.tex,table,mirrored,reports/US_Section31_IMOLS_Results/table_specA_set2_nva_TRIAD.tex,797ce366b19cc7d626dae07f0c289e2c04403ef6869ebe14b1601a8d62080878,2026-08-06 03:09,2429,appendixD.tex,82
table_specB_set1_gva_CORE.tex,table,mirrored,reports/US_Section32_IMOLS_Results/table_specB_set1_gva_CORE.tex,4947b284802f61c1b8b30b6732f3525e8eff074f5a2eed74b0aefc8264346d6e,2026-08-06 03:09,2780,section4.tex,552
table_specB_set1_gva_TRIAD.tex,table,mirrored,reports/US_Section32_IMOLS_Results/table_specB_set1_gva_TRIAD.tex,d44771f96d86a99d6fc6033fc7e31566d0f869d956b7cd24f20d0c7760e09a5c,2026-08-06 03:09,2464,appendixD.tex,86
table_specB_set1_nva_CORE.tex,table,mirrored,reports/US_Section32_IMOLS_Results/table_specB_set1_nva_CORE.tex,724226ed6985ef689b549dead42a3eacf0819b31002d2926c0ecd5184daa5394,2026-08-06 03:09,2775,section4.tex,554
table_specB_set1_nva_TRIAD.tex,table,mirrored,reports/US_Section32_IMOLS_Results/table_specB_set1_nva_TRIAD.tex,e1b84abf0163847ac0307ed943d7c333a81ac2ceddb4fd4807b7d9f35a044f88,2026-08-06 03:09,2464,appendixD.tex,88
table_specB_set2_gva_CORE.tex,table,mirrored,reports/US_Section32_IMOLS_Results/table_specB_set2_gva_CORE.tex,b2e7883f3adc0b298f3ff13378d5e7fd125c22e93bc241347da71948e9269513,2026-08-06 03:09,2798,section4.tex,556
table_specB_set2_gva_TRIAD.tex,table,mirrored,reports/US_Section32_IMOLS_Results/table_specB_set2_gva_TRIAD.tex,3fae42e9f0c44e46ecbb761f72fd3e115c7d1c2e572b47e0d74ff2c704942a1e,2026-08-06 03:09,2469,appendixD.tex,90
table_specB_set2_nva_CORE.tex,table,mirrored,reports/US_Section32_IMOLS_Results/table_specB_set2_nva_CORE.tex,e97afab804cfb2a41a7dab35ba7ebe1083dae082d661363f7a9523163cfbde82,2026-08-06 03:09,2798,section4.tex,558
table_specB_set2_nva_TRIAD.tex,table,mirrored,reports/US_Section32_IMOLS_Results/table_specB_set2_nva_TRIAD.tex,5331890baddfe325f16e7ef5faac417ae4e570c586d00e6b564ca2425d56562e,2026-08-06 03:09,2469,appendixD.tex,92
