System,Direction,Lag_k,Info_Set,F_stat,p_value,Sum_Beta,SE_Sum,t_stat,Sample_N,Source_File,Source_Row_or_Spec,Status_Classification
System 1: Nominal Core,pi_t -> g_H,4,"{pi_t, g_H}",15.004,5.97e-11,0.680,0.093,7.310,"N=250, Neff=247",output/tables_data/granger_sequential_results.csv,Row 5,Robust Linear Result
System 1: Nominal Core,g_H -> pi_t,4,"{pi_t, g_H}",2.718,0.0305,0.380,0.124,3.057,"N=250, Neff=247",output/tables_data/granger_sequential_results.csv,Row 9,Robust Linear Result
System 1: Nominal Core (SBIC Reference),pi_t -> g_H,3,"{pi_t, g_H}",20.318,8.99e-12,0.595,0.078,7.609,"N=250, Neff=248",output/tables_data/granger_sequential_results.csv,Row 4,SBIC Minimum Lag Reference
System 1: Nominal Core (SBIC Reference),g_H -> pi_t,3,"{pi_t, g_H}",5.544,0.00107,0.421,0.104,4.035,"N=250, Neff=248",output/tables_data/granger_sequential_results.csv,Row 8,SBIC Minimum Lag Reference
System 2: Commercial Banking,g_M1 -> g_H,3,"{pi_t, g_M1, g_H}",3.654,0.0138,0.510,0.187,2.727,"N=180, Neff=177",paper/Version7/audits/final_editing/phase10c_sys2_alignment/SYSTEM2_CONDITIONAL_VAR3.csv,Row 2,Qualified Linear Result
System 2: Commercial Banking,g_H -> g_M1,3,"{pi_t, g_M1, g_H}",3.239,0.0236,0.333,0.139,2.388,"N=180, Neff=177",paper/Version7/audits/final_editing/phase10c_sys2_alignment/SYSTEM2_CONDITIONAL_VAR3.csv,Row 3,Qualified Linear Result
System 2: Commercial Banking,pi_t -> g_M1,3,"{pi_t, g_M1, g_H}",6.842,0.000224,0.284,0.065,4.355,"N=180, Neff=177",paper/Version7/audits/final_editing/phase10c_sys2_alignment/SYSTEM2_CONDITIONAL_VAR3.csv,Row 4,Qualified Linear Result
System 2: Commercial Banking,g_M1 -> pi_t,3,"{pi_t, g_M1, g_H}",1.004,0.3927,0.444,0.271,1.637,"N=180, Neff=177",paper/Version7/audits/final_editing/phase10c_sys2_alignment/SYSTEM2_CONDITIONAL_VAR3.csv,Row 5,No incremental predictive relation detected (p > 0.10)
System 2: Commercial Banking (Superseded Pairwise Reference),g_M1 -> g_H,3,"{g_M1, g_H}",6.170,0.000527,0.782,0.208,3.755,"N=180, Neff=177",output/tables_data/granger_sequential_results.csv,Row 12,SUPERSEDED_PAIRWISE_REFERENCE
System 2: Commercial Banking (Superseded Pairwise Reference),g_H -> g_M1,3,"{g_M1, g_H}",5.166,0.001926,0.468,0.143,3.272,"N=180, Neff=177",output/tables_data/granger_sequential_results.csv,Row 16,SUPERSEDED_PAIRWISE_REFERENCE
System 2: Commercial Banking (Superseded Pairwise Reference),pi_t -> g_M1,3,"{pi_t, g_M1}",8.948,1.55e-5,0.323,0.065,4.997,"N=180, Neff=177",output/tables_data/granger_sequential_results.csv,Row 20,SUPERSEDED_PAIRWISE_REFERENCE
System 2: Commercial Banking (Superseded Pairwise Reference),g_M1 -> pi_t,3,"{pi_t, g_M1}",5.610,0.001084,0.671,0.166,4.035,"N=180, Neff=177",output/tables_data/granger_sequential_results.csv,Row 24,SUPERSEDED_PAIRWISE_REFERENCE
System 2: Commercial Banking (SBIC Reference),g_M1 -> g_H,1,"{g_M1, g_H}",21.453,7.03e-6,0.478,0.103,4.632,"N=180, Neff=179",output/tables_data/granger_sequential_results.csv,Row 10,SBIC Minimum Lag Reference
System 2: Commercial Banking (SBIC Reference),g_H -> g_M1,1,"{g_M1, g_H}",15.834,0.000101,0.284,0.071,3.979,"N=180, Neff=179",output/tables_data/granger_sequential_results.csv,Row 14,SBIC Minimum Lag Reference
System 2: Commercial Banking (SBIC Reference),pi_t -> g_M1,1,"{pi_t, g_M1}",14.322,0.000211,0.171,0.045,3.785,"N=180, Neff=179",output/tables_data/granger_sequential_results.csv,Row 18,SBIC Minimum Lag Reference
System 2: Commercial Banking (SBIC Reference),g_M1 -> pi_t,1,"{pi_t, g_M1}",14.004,0.000247,0.401,0.107,3.742,"N=180, Neff=179",output/tables_data/granger_sequential_results.csv,Row 22,SBIC Minimum Lag Reference
System 6: Central Bank Solvency Gate (Pre-Oct73),g_SolvR_H -> g_H,3,"{g_SolvR_H, g_gold, g_e, g_H, pi}",6.983,0.00020,0.0153,NA,NA,Neff=161,paper/Version7/audits/granger_canonicalization/phase9e_conditional_partition/PARTITION_CONDITIONAL_GRANGER.csv,Row 26,Qualified Linear Result (Pre-October 1973 Only)
System 6: Central Bank Solvency Gate (Pre-Oct73),g_H -> g_SolvR_H,3,"{g_SolvR_H, g_gold, g_e, g_H, pi}",2.951,0.03475,-0.8365,NA,NA,Neff=161,paper/Version7/audits/granger_canonicalization/phase9e_conditional_partition/PARTITION_CONDITIONAL_GRANGER.csv,Row 27,Qualified Linear Result (Pre-October 1973 Only)
System 6: Central Bank Solvency Gate (Pre-Oct73),g_SolvR_H -> g_e,3,"{g_SolvR_H, g_gold, g_e, g_H, pi}",3.073,0.02972,0.1287,NA,NA,Neff=161,paper/Version7/audits/granger_canonicalization/phase9e_conditional_partition/PARTITION_CONDITIONAL_GRANGER.csv,Row 30,Qualified Linear Result (Pre-October 1973 Only)
System 6: Central Bank Solvency Gate (Pre-Oct73),pi_t -> g_SolvR_H,3,"{g_SolvR_H, g_gold, g_e, g_H, pi}",0.686,0.5618,0.667,NA,NA,Neff=161,paper/Version7/audits/granger_canonicalization/phase9e_conditional_partition/PARTITION_CONDITIONAL_GRANGER.csv,Row 28,No predictive relation (p > 0.10)
