year,mu_us,mu_cl
1931,0.674208757308883,NA
1932,0.553247376057038,NA
1933,0.524144910726772,NA
1934,0.615133197396147,NA
1935,0.68588925125496,NA
1936,0.732125137694151,NA
1937,0.8060709037464839,NA
1938,0.758081189671818,NA
1939,0.844812201149997,NA
1940,0.926569156819381,NA
1941,1.03666335166806,NA
1942,1.14413168848681,NA
1943,1.26273433815953,0.7594882471481998
1944,1.12052016986088,0.7772231113503997
1945,0.9468660245352111,0.8401569288094392
1946,0.821814542190502,0.9003160831656724
1947,0.800712420164994,0.778428184132965
1948,0.7762720713840371,0.8862494210108721
1949,0.733192592036617,0.8373255480024847
1950,0.763642377247877,0.8562482243536496
1951,0.7363204002682301,0.861904132103422
1952,0.760886974478808,0.8840505104367604
1953,0.805629281122911,0.92211767272038
1954,0.807026221683124,0.8722399877369602
1955,0.8640762705859789,0.8781610114091268
1956,0.7658565072963729,0.860894459622669
1957,0.7754709429936609,0.9015761582982716
1958,0.755845133207976,0.9069863068201812
1959,0.851966551909088,0.8338312892050633
1960,0.8019040534581541,0.8693907460558963
1961,0.848330739455849,0.87347660675918
1962,0.873979477605162,0.8792860698884299
1963,0.850886751925333,0.8984565882991259
1964,0.833422826757418,0.884367914334233
1965,0.843625409672576,0.8667032104470094
1966,0.7958392961205201,0.9344133287495702
1967,0.792400532795223,0.9353672101815144
1968,0.84929578599818,0.9365735883620177
1969,0.8391391814435041,0.9409950524243836
1970,0.870403666856983,0.9277918657919312
1971,1.00141133194993,0.9843929682313451
1972,0.983603811871421,0.95986552674759
1973,1,0.8946457972289811
1974,0.884015021812378,0.8881975229515191
1975,0.88750317817801,0.7661976259640635
1976,0.838417039636901,0.7901237531532096
1977,0.88934434720074,0.8565933777567146
1978,0.8801907585213491,0.9057870806487232
1979,0.8659562521175781,0.9537928271730836
1980,0.8751788518778,0.990487445778467
1981,0.9485886754724411,1
1982,0.8148100179028801,0.8512978352664483
1983,0.8725990930125199,0.8233807044708998
1984,0.833652180894368,0.8602422893860098
1985,0.760677114139816,0.8633972717373862
1986,0.755195912610814,0.899452118355133
1987,0.83905194025895,0.9354460491960958
1988,0.827274492167988,0.975094849015152
1989,0.8002257695271059,1.031269685236231
1990,0.818039011181551,1.0253640277351528
1991,0.804873455127897,1.0657259270114032
1992,0.7767895835784471,1.1348912539909235
1993,0.7787082841102531,1.1422986565183748
1994,0.7636108703238009,1.1365828294952234
1995,0.6933260279040491,1.1538193832951982
1996,0.7196201670444771,1.1388694824192902
1997,0.759319821275104,1.1131271207641895
1998,0.814790940650128,1.0660176203505376
1999,0.95252825221962,1.026625389117212
2000,1.03557607311138,1.0272869780142524
2001,0.8239108584061531,1.0192409559222606
2002,0.92397599871848,1.0004166126496927
2003,0.8745725447967839,0.9957602466889748
2004,0.823526111844118,0.9953371125198198
2005,0.7940364711099249,0.9539750219920436
2006,0.768582449710306,0.9081377448125064
2007,0.750258094981201,0.8628420147473701
2008,0.7571631392333861,0.7914866139156472
2009,0.7520950034174361,0.7358643131957502
2010,0.7718213926137829,0.7356610108876513
2011,0.7037219496966359,NA
2012,0.719709088383878,NA
2013,0.722795031646163,NA
2014,0.729475547654063,NA
2015,0.765753135842981,NA
2016,0.790116502461661,NA
2017,0.833368431877105,NA
2018,0.863263019152184,NA
2019,0.852352246208734,NA
2020,0.826310512811106,NA
2021,0.8824335572589961,NA
2022,0.755702121852814,NA
2023,0.723843926474696,NA
2024,0.723278978448331,NA
