System,Equation,Lag_k,Is_K_Star,BG_stat,BG_df,BG_pval,Pass_5pct
Step 1: Master Nominal Core,pi_t,1,FALSE,30.713,4,0,FALSE
Step 1: Master Nominal Core,g_H,1,FALSE,28.594,4,0,FALSE
Step 1: Master Nominal Core,pi_t,2,FALSE,25.853,4,0,FALSE
Step 1: Master Nominal Core,g_H,2,FALSE,25.418,4,0,FALSE
Step 1: Master Nominal Core,pi_t,3,TRUE,16.549,4,0.0024,FALSE
Step 1: Master Nominal Core,g_H,3,TRUE,3.574,4,0.4667,TRUE
Step 1: Master Nominal Core,pi_t,4,FALSE,5.978,4,0.2008,TRUE
Step 1: Master Nominal Core,g_H,4,FALSE,2.029,4,0.7305,TRUE
Step 2: Banking Bifurcation A (Credit Lead),pi_t,1,TRUE,16.806,4,0.0021,FALSE
Step 2: Banking Bifurcation A (Credit Lead),g_M1,1,TRUE,27.904,4,0,FALSE
Step 2: Banking Bifurcation A (Credit Lead),g_H,1,TRUE,22.609,4,2e-4,FALSE
Step 2: Banking Bifurcation A (Credit Lead),pi_t,2,FALSE,14.97,4,0.0048,FALSE
Step 2: Banking Bifurcation A (Credit Lead),g_M1,2,FALSE,12.772,4,0.0124,FALSE
Step 2: Banking Bifurcation A (Credit Lead),g_H,2,FALSE,20.355,4,4e-4,FALSE
Step 2: Banking Bifurcation A (Credit Lead),pi_t,3,FALSE,7.648,4,0.1054,TRUE
Step 2: Banking Bifurcation A (Credit Lead),g_M1,3,FALSE,2.126,4,0.7127,TRUE
Step 2: Banking Bifurcation A (Credit Lead),g_H,3,FALSE,5.104,4,0.2768,TRUE
Step 2: Banking Bifurcation A (Credit Lead),pi_t,4,FALSE,6.091,4,0.1925,TRUE
Step 2: Banking Bifurcation A (Credit Lead),g_M1,4,FALSE,0.645,4,0.9579,TRUE
Step 2: Banking Bifurcation A (Credit Lead),g_H,4,FALSE,4.236,4,0.375,TRUE
Step 3: Banking Bifurcation B (Multiplier Deconstruction),pi_t,1,TRUE,16.806,4,0.0021,FALSE
Step 3: Banking Bifurcation B (Multiplier Deconstruction),g_H,1,TRUE,22.609,4,2e-4,FALSE
Step 3: Banking Bifurcation B (Multiplier Deconstruction),d_ln_m,1,TRUE,9.57,4,0.0483,FALSE
Step 3: Banking Bifurcation B (Multiplier Deconstruction),pi_t,2,FALSE,14.97,4,0.0048,FALSE
Step 3: Banking Bifurcation B (Multiplier Deconstruction),g_H,2,FALSE,20.355,4,4e-4,FALSE
Step 3: Banking Bifurcation B (Multiplier Deconstruction),d_ln_m,2,FALSE,11.816,4,0.0188,FALSE
Step 3: Banking Bifurcation B (Multiplier Deconstruction),pi_t,3,FALSE,7.648,4,0.1054,TRUE
Step 3: Banking Bifurcation B (Multiplier Deconstruction),g_H,3,FALSE,5.104,4,0.2768,TRUE
Step 3: Banking Bifurcation B (Multiplier Deconstruction),d_ln_m,3,FALSE,4.482,4,0.3447,TRUE
Step 3: Banking Bifurcation B (Multiplier Deconstruction),pi_t,4,FALSE,6.091,4,0.1925,TRUE
Step 3: Banking Bifurcation B (Multiplier Deconstruction),g_H,4,FALSE,4.236,4,0.375,TRUE
Step 3: Banking Bifurcation B (Multiplier Deconstruction),d_ln_m,4,FALSE,10.561,4,0.032,FALSE
Step 4: Unified Real Dual Economy,pi_t,1,FALSE,31.98,4,0,FALSE
Step 4: Unified Real Dual Economy,g_H,1,FALSE,21.747,4,2e-4,FALSE
Step 4: Unified Real Dual Economy,d_theta,1,FALSE,40.305,4,0,FALSE
Step 4: Unified Real Dual Economy,g_Manuf,1,FALSE,56.743,4,0,FALSE
Step 4: Unified Real Dual Economy,g_Mining,1,FALSE,37.529,4,0,FALSE
Step 4: Unified Real Dual Economy,pi_t,2,TRUE,28.015,4,0,FALSE
Step 4: Unified Real Dual Economy,g_H,2,TRUE,25.156,4,0,FALSE
Step 4: Unified Real Dual Economy,d_theta,2,TRUE,12.01,4,0.0173,FALSE
Step 4: Unified Real Dual Economy,g_Manuf,2,TRUE,26.458,4,0,FALSE
Step 4: Unified Real Dual Economy,g_Mining,2,TRUE,20.63,4,4e-4,FALSE
Step 4: Unified Real Dual Economy,pi_t,3,FALSE,17.885,4,0.0013,FALSE
Step 4: Unified Real Dual Economy,g_H,3,FALSE,2.313,4,0.6784,TRUE
Step 4: Unified Real Dual Economy,d_theta,3,FALSE,14.167,4,0.0068,FALSE
Step 4: Unified Real Dual Economy,g_Manuf,3,FALSE,22.655,4,1e-4,FALSE
Step 4: Unified Real Dual Economy,g_Mining,3,FALSE,12.917,4,0.0117,FALSE
Step 4: Unified Real Dual Economy,pi_t,4,FALSE,5.002,4,0.2871,TRUE
Step 4: Unified Real Dual Economy,g_H,4,FALSE,2.792,4,0.5931,TRUE
Step 4: Unified Real Dual Economy,d_theta,4,FALSE,6.933,4,0.1395,TRUE
Step 4: Unified Real Dual Economy,g_Manuf,4,FALSE,18.243,4,0.0011,FALSE
Step 4: Unified Real Dual Economy,g_Mining,4,FALSE,8.712,4,0.0687,TRUE
Step 5: Unified External Cost-Push Belt,g_gold,1,TRUE,16.769,4,0.0021,FALSE
Step 5: Unified External Cost-Push Belt,g_e,1,TRUE,34.373,4,0,FALSE
Step 5: Unified External Cost-Push Belt,d_theta,1,TRUE,47.295,4,0,FALSE
Step 5: Unified External Cost-Push Belt,g_H,1,TRUE,29.347,4,0,FALSE
Step 5: Unified External Cost-Push Belt,pi_t,1,TRUE,29.487,4,0,FALSE
Step 5: Unified External Cost-Push Belt,g_gold,2,FALSE,5.87,4,0.209,TRUE
Step 5: Unified External Cost-Push Belt,g_e,2,FALSE,34.834,4,0,FALSE
Step 5: Unified External Cost-Push Belt,d_theta,2,FALSE,14.603,4,0.0056,FALSE
Step 5: Unified External Cost-Push Belt,g_H,2,FALSE,24.93,4,1e-4,FALSE
Step 5: Unified External Cost-Push Belt,pi_t,2,FALSE,18.716,4,9e-4,FALSE
Step 5: Unified External Cost-Push Belt,g_gold,3,FALSE,3.169,4,0.5299,TRUE
Step 5: Unified External Cost-Push Belt,g_e,3,FALSE,32.785,4,0,FALSE
Step 5: Unified External Cost-Push Belt,d_theta,3,FALSE,16.621,4,0.0023,FALSE
Step 5: Unified External Cost-Push Belt,g_H,3,FALSE,3.736,4,0.4429,TRUE
Step 5: Unified External Cost-Push Belt,pi_t,3,FALSE,30.66,4,0,FALSE
Step 5: Unified External Cost-Push Belt,g_gold,4,FALSE,3.154,4,0.5324,TRUE
Step 5: Unified External Cost-Push Belt,g_e,4,FALSE,22.91,4,1e-4,FALSE
Step 5: Unified External Cost-Push Belt,d_theta,4,FALSE,7.835,4,0.0978,TRUE
Step 5: Unified External Cost-Push Belt,g_H,4,FALSE,2.401,4,0.6624,TRUE
Step 5: Unified External Cost-Push Belt,pi_t,4,FALSE,26.708,4,0,FALSE
Step 6: Unified Central Bank Solvency System,g_SolvR_H,1,TRUE,16.308,4,0.0026,FALSE
Step 6: Unified Central Bank Solvency System,g_gold,1,TRUE,15.717,4,0.0034,FALSE
Step 6: Unified Central Bank Solvency System,g_e,1,TRUE,33.837,4,0,FALSE
Step 6: Unified Central Bank Solvency System,g_H,1,TRUE,35.044,4,0,FALSE
Step 6: Unified Central Bank Solvency System,pi_t,1,TRUE,28.079,4,0,FALSE
Step 6: Unified Central Bank Solvency System,g_SolvR_H,2,FALSE,18.099,4,0.0012,FALSE
Step 6: Unified Central Bank Solvency System,g_gold,2,FALSE,6.539,4,0.1624,TRUE
Step 6: Unified Central Bank Solvency System,g_e,2,FALSE,31.145,4,0,FALSE
Step 6: Unified Central Bank Solvency System,g_H,2,FALSE,13.73,4,0.0082,FALSE
Step 6: Unified Central Bank Solvency System,pi_t,2,FALSE,19.949,4,5e-4,FALSE
Step 6: Unified Central Bank Solvency System,g_SolvR_H,3,FALSE,23.879,4,1e-4,FALSE
Step 6: Unified Central Bank Solvency System,g_gold,3,FALSE,6.526,4,0.1632,TRUE
Step 6: Unified Central Bank Solvency System,g_e,3,FALSE,34.357,4,0,FALSE
Step 6: Unified Central Bank Solvency System,g_H,3,FALSE,6.219,4,0.1833,TRUE
Step 6: Unified Central Bank Solvency System,pi_t,3,FALSE,31.407,4,0,FALSE
Step 6: Unified Central Bank Solvency System,g_SolvR_H,4,FALSE,3.212,4,0.523,TRUE
Step 6: Unified Central Bank Solvency System,g_gold,4,FALSE,2.081,4,0.7208,TRUE
Step 6: Unified Central Bank Solvency System,g_e,4,FALSE,20.093,4,5e-4,FALSE
Step 6: Unified Central Bank Solvency System,g_H,4,FALSE,9.035,4,0.0602,TRUE
Step 6: Unified Central Bank Solvency System,pi_t,4,FALSE,28.887,4,0,FALSE
