System,Relation,k,Selected_k,DV,Predictor,F_stat,p_value,sum_beta,classification,source_script,generated_timestamp_or_run_id
Step 1: Master Nominal Core,\pi \to g_H,1,False,g_H,pi_t,28.324,2.302936886737926e-07,0.298,Granger causality (p < 0.01),codes/sec43_tab02_sequential_granger_battery.R,2026-09-28T21:10:08.680626+00:00
Step 1: Master Nominal Core,\pi \to g_H,2,False,g_H,pi_t,18.515,3.265186070365214e-08,0.408,Granger causality (p < 0.01),codes/sec43_tab02_sequential_granger_battery.R,2026-09-28T21:10:08.680626+00:00
Step 1: Master Nominal Core,\pi \to g_H,3,True,g_H,pi_t,20.318,8.992395861069986e-12,0.595,Granger causality (p < 0.01),codes/sec43_tab02_sequential_granger_battery.R,2026-09-28T21:10:08.680626+00:00
Step 1: Master Nominal Core,\pi \to g_H,4,False,g_H,pi_t,15.004,5.96570721514716e-11,0.68,Granger causality (p < 0.01),codes/sec43_tab02_sequential_granger_battery.R,2026-09-28T21:10:08.680626+00:00
Step 1: Master Nominal Core,g_H \to \pi,1,False,pi_t,g_H,14.557,0.00017186338356488728,0.243,Granger causality (p < 0.01),codes/sec43_tab02_sequential_granger_battery.R,2026-09-28T21:10:08.680626+00:00
Step 1: Master Nominal Core,g_H \to \pi,2,False,pi_t,g_H,9.284,0.00013002086499406016,0.374,Granger causality (p < 0.01),codes/sec43_tab02_sequential_granger_battery.R,2026-09-28T21:10:08.680626+00:00
Step 1: Master Nominal Core,g_H \to \pi,3,True,pi_t,g_H,5.544,0.0010739039578676,0.421,Granger causality (p < 0.01),codes/sec43_tab02_sequential_granger_battery.R,2026-09-28T21:10:08.680626+00:00
Step 1: Master Nominal Core,g_H \to \pi,4,False,pi_t,g_H,2.718,0.0304591793617694,0.38,Granger causality (p < 0.05),codes/sec43_tab02_sequential_granger_battery.R,2026-09-28T21:10:08.680626+00:00
Step 2: Banking Bifurcation A (Credit Lead),M1 \to H,1,True,g_H,g_M1,21.453,7.027472726284778e-06,0.478,Granger causality (p < 0.01),codes/sec43_tab02_sequential_granger_battery.R,2026-09-28T21:10:08.680626+00:00
Step 2: Banking Bifurcation A (Credit Lead),M1 \to H,2,False,g_H,g_M1,7.2,0.0009914735557597584,0.529,Granger causality (p < 0.01),codes/sec43_tab02_sequential_granger_battery.R,2026-09-28T21:10:08.680626+00:00
Step 2: Banking Bifurcation A (Credit Lead),M1 \to H,3,False,g_H,g_M1,6.17,0.0005265525864408246,0.782,Granger causality (p < 0.01),codes/sec43_tab02_sequential_granger_battery.R,2026-09-28T21:10:08.680626+00:00
Step 2: Banking Bifurcation A (Credit Lead),M1 \to H,4,False,g_H,g_M1,3.152,0.0157422673859283,0.698,Granger causality (p < 0.05),codes/sec43_tab02_sequential_granger_battery.R,2026-09-28T21:10:08.680626+00:00
Step 2: Banking Bifurcation A (Credit Lead),H \to M1,1,True,g_M1,g_H,15.834,0.00010094884661581409,0.284,Granger causality (p < 0.01),codes/sec43_tab02_sequential_granger_battery.R,2026-09-28T21:10:08.680626+00:00
Step 2: Banking Bifurcation A (Credit Lead),H \to M1,2,False,g_M1,g_H,12.982,5.585773159039811e-06,0.55,Granger causality (p < 0.01),codes/sec43_tab02_sequential_granger_battery.R,2026-09-28T21:10:08.680626+00:00
Step 2: Banking Bifurcation A (Credit Lead),H \to M1,3,False,g_M1,g_H,5.166,0.001926353726927,0.468,Granger causality (p < 0.01),codes/sec43_tab02_sequential_granger_battery.R,2026-09-28T21:10:08.680626+00:00
Step 2: Banking Bifurcation A (Credit Lead),H \to M1,4,False,g_M1,g_H,5.499,0.0003493394709888774,0.7,Granger causality (p < 0.01),codes/sec43_tab02_sequential_granger_battery.R,2026-09-28T21:10:08.680626+00:00
Step 2: Banking Bifurcation A (Credit Lead),\pi \to M1,1,True,g_M1,pi_t,14.322,0.00021097635838167116,0.171,Granger causality (p < 0.01),codes/sec43_tab02_sequential_granger_battery.R,2026-09-28T21:10:08.680626+00:00
Step 2: Banking Bifurcation A (Credit Lead),\pi \to M1,2,False,g_M1,pi_t,15.189,8.370278261643923e-07,0.298,Granger causality (p < 0.01),codes/sec43_tab02_sequential_granger_battery.R,2026-09-28T21:10:08.680626+00:00
Step 2: Banking Bifurcation A (Credit Lead),\pi \to M1,3,False,g_M1,pi_t,8.948,1.5470274345198498e-05,0.323,Granger causality (p < 0.01),codes/sec43_tab02_sequential_granger_battery.R,2026-09-28T21:10:08.680626+00:00
Step 2: Banking Bifurcation A (Credit Lead),\pi \to M1,4,False,g_M1,pi_t,8.17,4.845738849730946e-06,0.412,Granger causality (p < 0.01),codes/sec43_tab02_sequential_granger_battery.R,2026-09-28T21:10:08.680626+00:00
Step 2: Banking Bifurcation A (Credit Lead),M1 \to \pi,1,True,pi_t,g_M1,14.004,0.00024671168408153414,0.401,Granger causality (p < 0.01),codes/sec43_tab02_sequential_granger_battery.R,2026-09-28T21:10:08.680626+00:00
Step 2: Banking Bifurcation A (Credit Lead),M1 \to \pi,2,False,pi_t,g_M1,7.928,0.0005079620074388209,0.541,Granger causality (p < 0.01),codes/sec43_tab02_sequential_granger_battery.R,2026-09-28T21:10:08.680626+00:00
Step 2: Banking Bifurcation A (Credit Lead),M1 \to \pi,3,False,pi_t,g_M1,5.61,0.0010842288350415,0.671,Granger causality (p < 0.01),codes/sec43_tab02_sequential_granger_battery.R,2026-09-28T21:10:08.680626+00:00
Step 2: Banking Bifurcation A (Credit Lead),Marginal,4,False,pi_t,g_M1,2.308,0.0601545081734234,0.535,Marginal predictive evidence (p < 0.10),codes/sec43_tab02_sequential_granger_battery.R,2026-09-28T21:10:08.680626+00:00
Step 3: Banking Bifurcation B (Multiplier Deconstruction),No,1,True,pi_t,d_ln_m,0.338,0.5616840671627334,-0.064,Fail to reject non-causality (p >= 0.10),codes/sec43_tab02_sequential_granger_battery.R,2026-09-28T21:10:08.680626+00:00
Step 3: Banking Bifurcation B (Multiplier Deconstruction),No,2,False,pi_t,d_ln_m,0.251,0.7781358773269129,-0.123,Fail to reject non-causality (p >= 0.10),codes/sec43_tab02_sequential_granger_battery.R,2026-09-28T21:10:08.680626+00:00
Step 3: Banking Bifurcation B (Multiplier Deconstruction),No,3,False,pi_t,d_ln_m,0.145,0.9330817784157776,-0.155,Fail to reject non-causality (p >= 0.10),codes/sec43_tab02_sequential_granger_battery.R,2026-09-28T21:10:08.680626+00:00
Step 3: Banking Bifurcation B (Multiplier Deconstruction),No,4,False,pi_t,d_ln_m,0.422,0.7925002190511143,-0.204,Fail to reject non-causality (p >= 0.10),codes/sec43_tab02_sequential_granger_battery.R,2026-09-28T21:10:08.680626+00:00
Step 3: Banking Bifurcation B (Multiplier Deconstruction),No,1,True,d_ln_m,pi_t,2.367,0.1256907544242093,-0.07,Fail to reject non-causality (p >= 0.10),codes/sec43_tab02_sequential_granger_battery.R,2026-09-28T21:10:08.680626+00:00
Step 3: Banking Bifurcation B (Multiplier Deconstruction),No,2,False,d_ln_m,pi_t,1.916,0.1503428942919864,-0.105,Fail to reject non-causality (p >= 0.10),codes/sec43_tab02_sequential_granger_battery.R,2026-09-28T21:10:08.680626+00:00
Step 3: Banking Bifurcation B (Multiplier Deconstruction),\pi \to m,3,False,d_ln_m,pi_t,5.127,0.0020256229634453,-0.189,Granger causality (p < 0.01),codes/sec43_tab02_sequential_granger_battery.R,2026-09-28T21:10:08.680626+00:00
Step 3: Banking Bifurcation B (Multiplier Deconstruction),\pi \to m,4,False,d_ln_m,pi_t,4.134,0.0032103055205797,-0.207,Granger causality (p < 0.01),codes/sec43_tab02_sequential_granger_battery.R,2026-09-28T21:10:08.680626+00:00
Step 4: Unified Real Dual Economy,No,1,False,g_Manuf,g_H,0.663,0.4161222133487406,-0.088,Fail to reject non-causality (p >= 0.10),codes/sec43_tab02_sequential_granger_battery.R,2026-09-28T21:10:08.680626+00:00
Step 4: Unified Real Dual Economy,g_H \to \text{Manuf},2,True,g_Manuf,g_H,3.636,0.0278041363381115,-0.333,Granger causality (p < 0.05),codes/sec43_tab02_sequential_granger_battery.R,2026-09-28T21:10:08.680626+00:00
Step 4: Unified Real Dual Economy,g_H \to \text{Manuf},3,False,g_Manuf,g_H,7.149,0.00012825158991811876,-0.17,Granger causality (p < 0.01),codes/sec43_tab02_sequential_granger_battery.R,2026-09-28T21:10:08.680626+00:00
Step 4: Unified Real Dual Economy,g_H \to \text{Manuf},4,False,g_Manuf,g_H,5.256,0.00044988894236611056,-0.217,Granger causality (p < 0.01),codes/sec43_tab02_sequential_granger_battery.R,2026-09-28T21:10:08.680626+00:00
Step 4: Unified Real Dual Economy,No,1,False,g_H,g_Manuf,1.828,0.1775531249848845,-0.047,Fail to reject non-causality (p >= 0.10),codes/sec43_tab02_sequential_granger_battery.R,2026-09-28T21:10:08.680626+00:00
Step 4: Unified Real Dual Economy,No,2,True,g_H,g_Manuf,2.306,0.1018339067809458,0.035,Fail to reject non-causality (p >= 0.10),codes/sec43_tab02_sequential_granger_battery.R,2026-09-28T21:10:08.680626+00:00
Step 4: Unified Real Dual Economy,\text{Manuf} \to g_H,3,False,g_H,g_Manuf,2.77,0.0423058881381752,-0.084,Granger causality (p < 0.05),codes/sec43_tab02_sequential_granger_battery.R,2026-09-28T21:10:08.680626+00:00
Step 4: Unified Real Dual Economy,\text{Manuf} \to g_H,4,False,g_H,g_Manuf,3.595,0.0072318379889648,0.05,Granger causality (p < 0.01),codes/sec43_tab02_sequential_granger_battery.R,2026-09-28T21:10:08.680626+00:00
Step 4: Unified Real Dual Economy,No,1,False,g_Mining,g_H,0.129,0.719522058740456,0.039,Fail to reject non-causality (p >= 0.10),codes/sec43_tab02_sequential_granger_battery.R,2026-09-28T21:10:08.680626+00:00
Step 4: Unified Real Dual Economy,No,2,True,g_Mining,g_H,0.042,0.9590014531787004,0.016,Fail to reject non-causality (p >= 0.10),codes/sec43_tab02_sequential_granger_battery.R,2026-09-28T21:10:08.680626+00:00
Step 4: Unified Real Dual Economy,No,3,False,g_Mining,g_H,0.4,0.752780222263824,0.076,Fail to reject non-causality (p >= 0.10),codes/sec43_tab02_sequential_granger_battery.R,2026-09-28T21:10:08.680626+00:00
Step 4: Unified Real Dual Economy,No,4,False,g_Mining,g_H,1.052,0.3810671730201601,-0.012,Fail to reject non-causality (p >= 0.10),codes/sec43_tab02_sequential_granger_battery.R,2026-09-28T21:10:08.680626+00:00
Step 4: Unified Real Dual Economy,No,1,False,g_H,g_Mining,0.023,0.879478092390821,-0.005,Fail to reject non-causality (p >= 0.10),codes/sec43_tab02_sequential_granger_battery.R,2026-09-28T21:10:08.680626+00:00
Step 4: Unified Real Dual Economy,No,2,True,g_H,g_Mining,0.214,0.8073906413471893,0.016,Fail to reject non-causality (p >= 0.10),codes/sec43_tab02_sequential_granger_battery.R,2026-09-28T21:10:08.680626+00:00
Step 4: Unified Real Dual Economy,No,3,False,g_H,g_Mining,1.361,0.2554796555453875,0.138,Fail to reject non-causality (p >= 0.10),codes/sec43_tab02_sequential_granger_battery.R,2026-09-28T21:10:08.680626+00:00
Step 4: Unified Real Dual Economy,No,4,False,g_H,g_Mining,0.94,0.4415294349791563,0.132,Fail to reject non-causality (p >= 0.10),codes/sec43_tab02_sequential_granger_battery.R,2026-09-28T21:10:08.680626+00:00
Step 4: Unified Real Dual Economy,Marginal,1,False,g_Manuf,d_theta,3.422,0.065510096729482,0.027,Marginal predictive evidence (p < 0.10),codes/sec43_tab02_sequential_granger_battery.R,2026-09-28T21:10:08.680626+00:00
Step 4: Unified Real Dual Economy,No,2,True,g_Manuf,d_theta,1.526,0.2194677897445027,0.04,Fail to reject non-causality (p >= 0.10),codes/sec43_tab02_sequential_granger_battery.R,2026-09-28T21:10:08.680626+00:00
Step 4: Unified Real Dual Economy,No,3,False,g_Manuf,d_theta,1.099,0.3503790395934708,0.035,Fail to reject non-causality (p >= 0.10),codes/sec43_tab02_sequential_granger_battery.R,2026-09-28T21:10:08.680626+00:00
Step 4: Unified Real Dual Economy,Marginal,4,False,g_Manuf,d_theta,2.074,0.0849171593664496,-0.021,Marginal predictive evidence (p < 0.10),codes/sec43_tab02_sequential_granger_battery.R,2026-09-28T21:10:08.680626+00:00
Step 4: Unified Real Dual Economy,No,1,False,d_theta,g_Manuf,2.122,0.1464716526036732,-0.338,Fail to reject non-causality (p >= 0.10),codes/sec43_tab02_sequential_granger_battery.R,2026-09-28T21:10:08.680626+00:00
Step 4: Unified Real Dual Economy,No,2,True,d_theta,g_Manuf,0.328,0.7209887154571823,-0.198,Fail to reject non-causality (p >= 0.10),codes/sec43_tab02_sequential_granger_battery.R,2026-09-28T21:10:08.680626+00:00
Step 4: Unified Real Dual Economy,No,3,False,d_theta,g_Manuf,0.499,0.6836545112810973,0.324,Fail to reject non-causality (p >= 0.10),codes/sec43_tab02_sequential_granger_battery.R,2026-09-28T21:10:08.680626+00:00
Step 4: Unified Real Dual Economy,Marginal,4,False,d_theta,g_Manuf,2.255,0.063900984591878,1.738,Marginal predictive evidence (p < 0.10),codes/sec43_tab02_sequential_granger_battery.R,2026-09-28T21:10:08.680626+00:00
Step 4: Unified Real Dual Economy,No,1,False,g_Mining,d_theta,0.02,0.8869316376101143,-0.002,Fail to reject non-causality (p >= 0.10),codes/sec43_tab02_sequential_granger_battery.R,2026-09-28T21:10:08.680626+00:00
Step 4: Unified Real Dual Economy,No,2,True,g_Mining,d_theta,0.185,0.8312240661765161,-0.001,Fail to reject non-causality (p >= 0.10),codes/sec43_tab02_sequential_granger_battery.R,2026-09-28T21:10:08.680626+00:00
Step 4: Unified Real Dual Economy,No,3,False,g_Mining,d_theta,0.023,0.9952631383466646,-0.004,Fail to reject non-causality (p >= 0.10),codes/sec43_tab02_sequential_granger_battery.R,2026-09-28T21:10:08.680626+00:00
Step 4: Unified Real Dual Economy,No,4,False,g_Mining,d_theta,0.055,0.9943231077897818,0.009,Fail to reject non-causality (p >= 0.10),codes/sec43_tab02_sequential_granger_battery.R,2026-09-28T21:10:08.680626+00:00
Step 4: Unified Real Dual Economy,No,1,False,d_theta,g_Mining,2.079,0.1505711074400861,-0.325,Fail to reject non-causality (p >= 0.10),codes/sec43_tab02_sequential_granger_battery.R,2026-09-28T21:10:08.680626+00:00
Step 4: Unified Real Dual Economy,No,2,True,d_theta,g_Mining,1.38,0.2535972217586326,-0.197,Fail to reject non-causality (p >= 0.10),codes/sec43_tab02_sequential_granger_battery.R,2026-09-28T21:10:08.680626+00:00
Step 4: Unified Real Dual Economy,No,3,False,d_theta,g_Mining,1.034,0.3783270445332993,0.135,Fail to reject non-causality (p >= 0.10),codes/sec43_tab02_sequential_granger_battery.R,2026-09-28T21:10:08.680626+00:00
Step 4: Unified Real Dual Economy,No,4,False,d_theta,g_Mining,0.8,0.5262966523076722,0.363,Fail to reject non-causality (p >= 0.10),codes/sec43_tab02_sequential_granger_battery.R,2026-09-28T21:10:08.680626+00:00
Step 4: Unified Real Dual Economy,No,1,False,g_Manuf,g_Mining,0.437,0.5094094776385714,0.04,Fail to reject non-causality (p >= 0.10),codes/sec43_tab02_sequential_granger_battery.R,2026-09-28T21:10:08.680626+00:00
Step 4: Unified Real Dual Economy,No,2,True,g_Manuf,g_Mining,1.187,0.3069707442020675,-0.073,Fail to reject non-causality (p >= 0.10),codes/sec43_tab02_sequential_granger_battery.R,2026-09-28T21:10:08.680626+00:00
Step 4: Unified Real Dual Economy,No,3,False,g_Manuf,g_Mining,1.557,0.2005229620480486,0.102,Fail to reject non-causality (p >= 0.10),codes/sec43_tab02_sequential_granger_battery.R,2026-09-28T21:10:08.680626+00:00
Step 4: Unified Real Dual Economy,No,4,False,g_Manuf,g_Mining,1.186,0.317382333748634,0.004,Fail to reject non-causality (p >= 0.10),codes/sec43_tab02_sequential_granger_battery.R,2026-09-28T21:10:08.680626+00:00
Step 4: Unified Real Dual Economy,\text{Manuf} \to \pi,1,False,pi_t,g_Manuf,10.022,0.0017415050750059,-0.11,Granger causality (p < 0.01),codes/sec43_tab02_sequential_granger_battery.R,2026-09-28T21:10:08.680626+00:00
Step 4: Unified Real Dual Economy,\text{Manuf} \to \pi,2,True,pi_t,g_Manuf,7.103,0.0010037544509053,-0.201,Granger causality (p < 0.01),codes/sec43_tab02_sequential_granger_battery.R,2026-09-28T21:10:08.680626+00:00
Step 4: Unified Real Dual Economy,\text{Manuf} \to \pi,3,False,pi_t,g_Manuf,4.959,0.0023358033559889,-0.249,Granger causality (p < 0.01),codes/sec43_tab02_sequential_granger_battery.R,2026-09-28T21:10:08.680626+00:00
Step 4: Unified Real Dual Economy,\text{Manuf} \to \pi,4,False,pi_t,g_Manuf,3.719,0.0058848958520087,-0.357,Granger causality (p < 0.01),codes/sec43_tab02_sequential_granger_battery.R,2026-09-28T21:10:08.680626+00:00
Step 4: Unified Real Dual Economy,No,1,False,g_Manuf,pi_t,0.134,0.7149775290012175,0.036,Fail to reject non-causality (p >= 0.10),codes/sec43_tab02_sequential_granger_battery.R,2026-09-28T21:10:08.680626+00:00
Step 4: Unified Real Dual Economy,No,2,True,g_Manuf,pi_t,0.434,0.6486889124327856,0.035,Fail to reject non-causality (p >= 0.10),codes/sec43_tab02_sequential_granger_battery.R,2026-09-28T21:10:08.680626+00:00
Step 4: Unified Real Dual Economy,No,3,False,g_Manuf,pi_t,1.272,0.2847329884715335,-0.089,Fail to reject non-causality (p >= 0.10),codes/sec43_tab02_sequential_granger_battery.R,2026-09-28T21:10:08.680626+00:00
Step 4: Unified Real Dual Economy,\pi \to \text{Manuf},4,False,g_Manuf,pi_t,3.402,0.0099449283169816,-0.24,Granger causality (p < 0.01),codes/sec43_tab02_sequential_granger_battery.R,2026-09-28T21:10:08.680626+00:00
Step 5: Unified External Cost-Push Belt,Marginal,1,True,g_gold,g_H,2.913,0.0891501102360453,0.081,Marginal predictive evidence (p < 0.10),codes/sec43_tab02_sequential_granger_battery.R,2026-09-28T21:10:08.680626+00:00
Step 5: Unified External Cost-Push Belt,No,2,False,g_gold,g_H,1.487,0.2281154699260741,0.079,Fail to reject non-causality (p >= 0.10),codes/sec43_tab02_sequential_granger_battery.R,2026-09-28T21:10:08.680626+00:00
Step 5: Unified External Cost-Push Belt,No,3,False,g_gold,g_H,1.234,0.2980899302141022,0.059,Fail to reject non-causality (p >= 0.10),codes/sec43_tab02_sequential_granger_battery.R,2026-09-28T21:10:08.680626+00:00
Step 5: Unified External Cost-Push Belt,No,4,False,g_gold,g_H,0.94,0.4413849103976882,0.068,Fail to reject non-causality (p >= 0.10),codes/sec43_tab02_sequential_granger_battery.R,2026-09-28T21:10:08.680626+00:00
Step 5: Unified External Cost-Push Belt,No,1,True,g_gold,pi_t,0.489,0.4850181252639979,-0.03,Fail to reject non-causality (p >= 0.10),codes/sec43_tab02_sequential_granger_battery.R,2026-09-28T21:10:08.680626+00:00
Step 5: Unified External Cost-Push Belt,No,2,False,g_gold,pi_t,2.027,0.1339810312339635,0.022,Fail to reject non-causality (p >= 0.10),codes/sec43_tab02_sequential_granger_battery.R,2026-09-28T21:10:08.680626+00:00
Step 5: Unified External Cost-Push Belt,No,3,False,g_gold,pi_t,1.313,0.27074544726715,0.026,Fail to reject non-causality (p >= 0.10),codes/sec43_tab02_sequential_granger_battery.R,2026-09-28T21:10:08.680626+00:00
Step 5: Unified External Cost-Push Belt,No,4,False,g_gold,pi_t,1.872,0.1160327023897343,0.059,Fail to reject non-causality (p >= 0.10),codes/sec43_tab02_sequential_granger_battery.R,2026-09-28T21:10:08.680626+00:00
Step 5: Unified External Cost-Push Belt,No,1,True,g_gold,d_theta,1.326,0.2506436061874027,0.008,Fail to reject non-causality (p >= 0.10),codes/sec43_tab02_sequential_granger_battery.R,2026-09-28T21:10:08.680626+00:00
Step 5: Unified External Cost-Push Belt,No,2,False,g_gold,d_theta,1.015,0.3637693526360648,0.015,Fail to reject non-causality (p >= 0.10),codes/sec43_tab02_sequential_granger_battery.R,2026-09-28T21:10:08.680626+00:00
Step 5: Unified External Cost-Push Belt,No,3,False,g_gold,d_theta,1.549,0.2025751212770023,0.039,Fail to reject non-causality (p >= 0.10),codes/sec43_tab02_sequential_granger_battery.R,2026-09-28T21:10:08.680626+00:00
Step 5: Unified External Cost-Push Belt,No,4,False,g_gold,d_theta,1.174,0.3227101072619005,0.031,Fail to reject non-causality (p >= 0.10),codes/sec43_tab02_sequential_granger_battery.R,2026-09-28T21:10:08.680626+00:00
Step 5: Unified External Cost-Push Belt,No,1,True,g_gold,g_e,2.51,0.1143878433235979,-0.048,Fail to reject non-causality (p >= 0.10),codes/sec43_tab02_sequential_granger_battery.R,2026-09-28T21:10:08.680626+00:00
Step 5: Unified External Cost-Push Belt,No,2,False,g_gold,g_e,1.579,0.2082331112816288,-0.033,Fail to reject non-causality (p >= 0.10),codes/sec43_tab02_sequential_granger_battery.R,2026-09-28T21:10:08.680626+00:00
Step 5: Unified External Cost-Push Belt,No,3,False,g_gold,g_e,1.533,0.2065040871631467,-0.006,Fail to reject non-causality (p >= 0.10),codes/sec43_tab02_sequential_granger_battery.R,2026-09-28T21:10:08.680626+00:00
Step 5: Unified External Cost-Push Belt,No,4,False,g_gold,g_e,1.062,0.3759292964741879,0.002,Fail to reject non-causality (p >= 0.10),codes/sec43_tab02_sequential_granger_battery.R,2026-09-28T21:10:08.680626+00:00
Step 5: Unified External Cost-Push Belt,No,1,True,pi_t,g_gold,0.218,0.6409009289420649,0.036,Fail to reject non-causality (p >= 0.10),codes/sec43_tab02_sequential_granger_battery.R,2026-09-28T21:10:08.680626+00:00
Step 5: Unified External Cost-Push Belt,No,2,False,pi_t,g_gold,0.259,0.7717352920305589,0.036,Fail to reject non-causality (p >= 0.10),codes/sec43_tab02_sequential_granger_battery.R,2026-09-28T21:10:08.680626+00:00
Step 5: Unified External Cost-Push Belt,No,3,False,pi_t,g_gold,2.089,0.1022753427165265,0.184,Fail to reject non-causality (p >= 0.10),codes/sec43_tab02_sequential_granger_battery.R,2026-09-28T21:10:08.680626+00:00
Step 5: Unified External Cost-Push Belt,\text{Gold} \to \pi,4,False,pi_t,g_gold,4.58,0.0013986882007211,0.323,Granger causality (p < 0.01),codes/sec43_tab02_sequential_granger_battery.R,2026-09-28T21:10:08.680626+00:00
Step 5: Unified External Cost-Push Belt,No,1,True,d_theta,g_H,0.445,0.505341555340545,-0.276,Fail to reject non-causality (p >= 0.10),codes/sec43_tab02_sequential_granger_battery.R,2026-09-28T21:10:08.680626+00:00
Step 5: Unified External Cost-Push Belt,No,2,False,d_theta,g_H,0.899,0.4081344700771931,-0.648,Fail to reject non-causality (p >= 0.10),codes/sec43_tab02_sequential_granger_battery.R,2026-09-28T21:10:08.680626+00:00
Step 5: Unified External Cost-Push Belt,No,3,False,d_theta,g_H,0.69,0.5591014774362544,-0.662,Fail to reject non-causality (p >= 0.10),codes/sec43_tab02_sequential_granger_battery.R,2026-09-28T21:10:08.680626+00:00
Step 5: Unified External Cost-Push Belt,No,4,False,d_theta,g_H,0.598,0.664239248050992,-0.79,Fail to reject non-causality (p >= 0.10),codes/sec43_tab02_sequential_granger_battery.R,2026-09-28T21:10:08.680626+00:00
Step 5: Unified External Cost-Push Belt,No,1,True,g_H,d_theta,0.692,0.4063380776614168,0.007,Fail to reject non-causality (p >= 0.10),codes/sec43_tab02_sequential_granger_battery.R,2026-09-28T21:10:08.680626+00:00
Step 5: Unified External Cost-Push Belt,No,2,False,g_H,d_theta,1.027,0.3596981534492133,0.022,Fail to reject non-causality (p >= 0.10),codes/sec43_tab02_sequential_granger_battery.R,2026-09-28T21:10:08.680626+00:00
Step 5: Unified External Cost-Push Belt,No,3,False,g_H,d_theta,0.691,0.5581682698581085,0.028,Fail to reject non-causality (p >= 0.10),codes/sec43_tab02_sequential_granger_battery.R,2026-09-28T21:10:08.680626+00:00
Step 5: Unified External Cost-Push Belt,No,4,False,g_H,d_theta,0.611,0.6548729582679687,0.01,Fail to reject non-causality (p >= 0.10),codes/sec43_tab02_sequential_granger_battery.R,2026-09-28T21:10:08.680626+00:00
Step 5: Unified External Cost-Push Belt,\Theta \to \pi,1,True,pi_t,d_theta,5.113,0.0246127411776618,-0.019,Granger causality (p < 0.05),codes/sec43_tab02_sequential_granger_battery.R,2026-09-28T21:10:08.680626+00:00
Step 5: Unified External Cost-Push Belt,No,2,False,pi_t,d_theta,1.917,0.1492467979465415,-0.027,Fail to reject non-causality (p >= 0.10),codes/sec43_tab02_sequential_granger_battery.R,2026-09-28T21:10:08.680626+00:00
Step 5: Unified External Cost-Push Belt,No,3,False,pi_t,d_theta,1.93,0.1253953711722477,-0.05,Fail to reject non-causality (p >= 0.10),codes/sec43_tab02_sequential_granger_battery.R,2026-09-28T21:10:08.680626+00:00
Step 5: Unified External Cost-Push Belt,No,4,False,pi_t,d_theta,1.323,0.2620577293849357,-0.041,Fail to reject non-causality (p >= 0.10),codes/sec43_tab02_sequential_granger_battery.R,2026-09-28T21:10:08.680626+00:00
Step 5: Unified External Cost-Push Belt,No,1,True,d_theta,pi_t,1.269,0.2611075305224113,-0.421,Fail to reject non-causality (p >= 0.10),codes/sec43_tab02_sequential_granger_battery.R,2026-09-28T21:10:08.680626+00:00
Step 5: Unified External Cost-Push Belt,No,2,False,d_theta,pi_t,1.104,0.3333042475641988,-0.469,Fail to reject non-causality (p >= 0.10),codes/sec43_tab02_sequential_granger_battery.R,2026-09-28T21:10:08.680626+00:00
Step 5: Unified External Cost-Push Belt,No,3,False,d_theta,pi_t,0.931,0.4262405922473383,-0.487,Fail to reject non-causality (p >= 0.10),codes/sec43_tab02_sequential_granger_battery.R,2026-09-28T21:10:08.680626+00:00
Step 5: Unified External Cost-Push Belt,No,4,False,d_theta,pi_t,1.761,0.1374613783629675,-0.246,Fail to reject non-causality (p >= 0.10),codes/sec43_tab02_sequential_granger_battery.R,2026-09-28T21:10:08.680626+00:00
Step 5: Unified External Cost-Push Belt,No,1,True,pi_t,g_e,1.697,0.1939051042995606,-0.086,Fail to reject non-causality (p >= 0.10),codes/sec43_tab02_sequential_granger_battery.R,2026-09-28T21:10:08.680626+00:00
Step 5: Unified External Cost-Push Belt,No,2,False,pi_t,g_e,0.606,0.5464895600256807,-0.094,Fail to reject non-causality (p >= 0.10),codes/sec43_tab02_sequential_granger_battery.R,2026-09-28T21:10:08.680626+00:00
Step 5: Unified External Cost-Push Belt,No,3,False,pi_t,g_e,1.699,0.1678126780107268,-0.227,Fail to reject non-causality (p >= 0.10),codes/sec43_tab02_sequential_granger_battery.R,2026-09-28T21:10:08.680626+00:00
Step 5: Unified External Cost-Push Belt,g_e \to \pi,4,False,pi_t,g_e,37.025,4.6150336620871936e-24,0.504,Granger causality (p < 0.01),codes/sec43_tab02_sequential_granger_battery.R,2026-09-28T21:10:08.680626+00:00
Step 5: Unified External Cost-Push Belt,\pi \to g_e,1,True,g_e,pi_t,23.305,2.424110169149369e-06,0.689,Granger causality (p < 0.01),codes/sec43_tab02_sequential_granger_battery.R,2026-09-28T21:10:08.680626+00:00
Step 5: Unified External Cost-Push Belt,\pi \to g_e,2,False,g_e,pi_t,12.325,7.95838760615902e-06,0.933,Granger causality (p < 0.01),codes/sec43_tab02_sequential_granger_battery.R,2026-09-28T21:10:08.680626+00:00
Step 5: Unified External Cost-Push Belt,\pi \to g_e,3,False,g_e,pi_t,9.243,8.253813101204697e-06,1.189,Granger causality (p < 0.01),codes/sec43_tab02_sequential_granger_battery.R,2026-09-28T21:10:08.680626+00:00
Step 5: Unified External Cost-Push Belt,\pi \to g_e,4,False,g_e,pi_t,14.35,1.6461605795835314e-10,0.185,Granger causality (p < 0.01),codes/sec43_tab02_sequential_granger_battery.R,2026-09-28T21:10:08.680626+00:00
Step 5: Unified External Cost-Push Belt,g_e \to g_H,1,True,g_H,g_e,17.037,5.016991500543615e-05,0.161,Granger causality (p < 0.01),codes/sec43_tab02_sequential_granger_battery.R,2026-09-28T21:10:08.680626+00:00
Step 5: Unified External Cost-Push Belt,g_e \to g_H,2,False,g_H,g_e,12.052,1.0201451876690484e-05,0.251,Granger causality (p < 0.01),codes/sec43_tab02_sequential_granger_battery.R,2026-09-28T21:10:08.680626+00:00
Step 5: Unified External Cost-Push Belt,g_e \to g_H,3,False,g_H,g_e,12.802,8.622670226940158e-08,0.371,Granger causality (p < 0.01),codes/sec43_tab02_sequential_granger_battery.R,2026-09-28T21:10:08.680626+00:00
Step 5: Unified External Cost-Push Belt,g_e \to g_H,4,False,g_H,g_e,9.619,3.159510626065169e-07,0.425,Granger causality (p < 0.01),codes/sec43_tab02_sequential_granger_battery.R,2026-09-28T21:10:08.680626+00:00
Step 5: Unified External Cost-Push Belt,g_H \to g_e,1,True,g_e,g_H,8.197,0.0045570734552458,0.286,Granger causality (p < 0.01),codes/sec43_tab02_sequential_granger_battery.R,2026-09-28T21:10:08.680626+00:00
Step 5: Unified External Cost-Push Belt,g_H \to g_e,2,False,g_e,g_H,3.37,0.0359930293223916,0.349,Granger causality (p < 0.05),codes/sec43_tab02_sequential_granger_battery.R,2026-09-28T21:10:08.680626+00:00
Step 5: Unified External Cost-Push Belt,g_H \to g_e,3,False,g_e,g_H,3.483,0.0165502054004214,0.485,Granger causality (p < 0.05),codes/sec43_tab02_sequential_granger_battery.R,2026-09-28T21:10:08.680626+00:00
Step 5: Unified External Cost-Push Belt,No,4,False,g_e,g_H,1.331,0.2590294194425608,0.18,Fail to reject non-causality (p >= 0.10),codes/sec43_tab02_sequential_granger_battery.R,2026-09-28T21:10:08.680626+00:00
Step 6: Unified Central Bank Solvency System,No,1,True,g_H,g_SolvR_H,0.031,0.8605254485982781,0.002,Fail to reject non-causality (p >= 0.10),codes/sec43_tab02_sequential_granger_battery.R,2026-09-28T21:10:08.680626+00:00
Step 6: Unified Central Bank Solvency System,No,2,False,g_H,g_SolvR_H,0.959,0.3846941381477526,-0.023,Fail to reject non-causality (p >= 0.10),codes/sec43_tab02_sequential_granger_battery.R,2026-09-28T21:10:08.680626+00:00
Step 6: Unified Central Bank Solvency System,\text{SolvR}^H \to g_H,3,False,g_H,g_SolvR_H,11.149,7.049480438198401e-07,0.087,Granger causality (p < 0.01),codes/sec43_tab02_sequential_granger_battery.R,2026-09-28T21:10:08.680626+00:00
Step 6: Unified Central Bank Solvency System,\text{SolvR}^H \to g_H,4,False,g_H,g_SolvR_H,8.472,2.0889660654404904e-06,0.07,Granger causality (p < 0.01),codes/sec43_tab02_sequential_granger_battery.R,2026-09-28T21:10:08.680626+00:00
Step 6: Unified Central Bank Solvency System,No,1,True,g_SolvR_H,g_H,0.162,0.6878527463705228,0.109,Fail to reject non-causality (p >= 0.10),codes/sec43_tab02_sequential_granger_battery.R,2026-09-28T21:10:08.680626+00:00
Step 6: Unified Central Bank Solvency System,No,2,False,g_SolvR_H,g_H,0.686,0.5044196857391479,-0.107,Fail to reject non-causality (p >= 0.10),codes/sec43_tab02_sequential_granger_battery.R,2026-09-28T21:10:08.680626+00:00
Step 6: Unified Central Bank Solvency System,Marginal,3,False,g_SolvR_H,g_H,2.447,0.0644645766153548,0.269,Marginal predictive evidence (p < 0.10),codes/sec43_tab02_sequential_granger_battery.R,2026-09-28T21:10:08.680626+00:00
Step 6: Unified Central Bank Solvency System,Marginal,4,False,g_SolvR_H,g_H,2.258,0.0636145138712907,0.415,Marginal predictive evidence (p < 0.10),codes/sec43_tab02_sequential_granger_battery.R,2026-09-28T21:10:08.680626+00:00
Step 6: Unified Central Bank Solvency System,\pi \to \text{SolvR}^H,1,True,g_SolvR_H,pi_t,8.336,0.0042310138616607,0.716,Granger causality (p < 0.01),codes/sec43_tab02_sequential_granger_battery.R,2026-09-28T21:10:08.680626+00:00
Step 6: Unified Central Bank Solvency System,\pi \to \text{SolvR}^H,2,False,g_SolvR_H,pi_t,5.085,0.0068611115921272,0.869,Granger causality (p < 0.01),codes/sec43_tab02_sequential_granger_battery.R,2026-09-28T21:10:08.680626+00:00
Step 6: Unified Central Bank Solvency System,\pi \to \text{SolvR}^H,3,False,g_SolvR_H,pi_t,4.39,0.0049720075712355,0.504,Granger causality (p < 0.01),codes/sec43_tab02_sequential_granger_battery.R,2026-09-28T21:10:08.680626+00:00
Step 6: Unified Central Bank Solvency System,\pi \to \text{SolvR}^H,4,False,g_SolvR_H,pi_t,3.664,0.0064512533678671,0.477,Granger causality (p < 0.01),codes/sec43_tab02_sequential_granger_battery.R,2026-09-28T21:10:08.680626+00:00
Step 6: Unified Central Bank Solvency System,No,1,True,pi_t,g_SolvR_H,2.272,0.1329787931620958,-0.022,Fail to reject non-causality (p >= 0.10),codes/sec43_tab02_sequential_granger_battery.R,2026-09-28T21:10:08.680626+00:00
Step 6: Unified Central Bank Solvency System,No,2,False,pi_t,g_SolvR_H,1.447,0.2372242474939542,-0.037,Fail to reject non-causality (p >= 0.10),codes/sec43_tab02_sequential_granger_battery.R,2026-09-28T21:10:08.680626+00:00
Step 6: Unified Central Bank Solvency System,Marginal,3,False,pi_t,g_SolvR_H,2.489,0.0610596449520446,-0.083,Marginal predictive evidence (p < 0.10),codes/sec43_tab02_sequential_granger_battery.R,2026-09-28T21:10:08.680626+00:00
Step 6: Unified Central Bank Solvency System,No,4,False,pi_t,g_SolvR_H,1.773,0.1348926658103387,-0.05,Fail to reject non-causality (p >= 0.10),codes/sec43_tab02_sequential_granger_battery.R,2026-09-28T21:10:08.680626+00:00
Step 6: Unified Central Bank Solvency System,No,1,True,g_e,g_SolvR_H,0.262,0.6091404455934712,-0.012,Fail to reject non-causality (p >= 0.10),codes/sec43_tab02_sequential_granger_battery.R,2026-09-28T21:10:08.680626+00:00
Step 6: Unified Central Bank Solvency System,No,2,False,g_e,g_SolvR_H,0.164,0.8487918374085512,-0.017,Fail to reject non-causality (p >= 0.10),codes/sec43_tab02_sequential_granger_battery.R,2026-09-28T21:10:08.680626+00:00
Step 6: Unified Central Bank Solvency System,No,3,False,g_e,g_SolvR_H,1.833,0.1417413520307818,-0.105,Fail to reject non-causality (p >= 0.10),codes/sec43_tab02_sequential_granger_battery.R,2026-09-28T21:10:08.680626+00:00
Step 6: Unified Central Bank Solvency System,No,4,False,g_e,g_SolvR_H,1.799,0.129722447405436,-0.086,Fail to reject non-causality (p >= 0.10),codes/sec43_tab02_sequential_granger_battery.R,2026-09-28T21:10:08.680626+00:00
Step 6: Unified Central Bank Solvency System,g_e \to \text{SolvR}^H,1,True,g_SolvR_H,g_e,7.979,0.0051173955262118,0.5,Granger causality (p < 0.01),codes/sec43_tab02_sequential_granger_battery.R,2026-09-28T21:10:08.680626+00:00
Step 6: Unified Central Bank Solvency System,g_e \to \text{SolvR}^H,2,False,g_SolvR_H,g_e,5.761,0.003591914502004,0.753,Granger causality (p < 0.01),codes/sec43_tab02_sequential_granger_battery.R,2026-09-28T21:10:08.680626+00:00
Step 6: Unified Central Bank Solvency System,g_e \to \text{SolvR}^H,3,False,g_SolvR_H,g_e,5.811,0.0007526380341339086,0.272,Granger causality (p < 0.01),codes/sec43_tab02_sequential_granger_battery.R,2026-09-28T21:10:08.680626+00:00
Step 6: Unified Central Bank Solvency System,g_e \to \text{SolvR}^H,4,False,g_SolvR_H,g_e,7.146,1.8918020712108824e-05,0.501,Granger causality (p < 0.01),codes/sec43_tab02_sequential_granger_battery.R,2026-09-28T21:10:08.680626+00:00
Step 6: Unified Central Bank Solvency System,No,1,True,g_SolvR_H,g_gold,0.001,0.976006715820508,0.01,Fail to reject non-causality (p >= 0.10),codes/sec43_tab02_sequential_granger_battery.R,2026-09-28T21:10:08.680626+00:00
Step 6: Unified Central Bank Solvency System,No,2,False,g_SolvR_H,g_gold,0.224,0.7992451126908098,0.139,Fail to reject non-causality (p >= 0.10),codes/sec43_tab02_sequential_granger_battery.R,2026-09-28T21:10:08.680626+00:00
Step 6: Unified Central Bank Solvency System,No,3,False,g_SolvR_H,g_gold,0.299,0.8263991553808985,0.369,Fail to reject non-causality (p >= 0.10),codes/sec43_tab02_sequential_granger_battery.R,2026-09-28T21:10:08.680626+00:00
Step 6: Unified Central Bank Solvency System,No,4,False,g_SolvR_H,g_gold,0.401,0.8081623004363042,0.572,Fail to reject non-causality (p >= 0.10),codes/sec43_tab02_sequential_granger_battery.R,2026-09-28T21:10:08.680626+00:00
Step 6: Unified Central Bank Solvency System,No,1,True,g_gold,g_SolvR_H,0.106,0.7451206584917699,-0.003,Fail to reject non-causality (p >= 0.10),codes/sec43_tab02_sequential_granger_battery.R,2026-09-28T21:10:08.680626+00:00
Step 6: Unified Central Bank Solvency System,No,2,False,g_gold,g_SolvR_H,0.238,0.7885061359469787,-0.012,Fail to reject non-causality (p >= 0.10),codes/sec43_tab02_sequential_granger_battery.R,2026-09-28T21:10:08.680626+00:00
Step 6: Unified Central Bank Solvency System,No,3,False,g_gold,g_SolvR_H,0.227,0.8773038105236428,-0.008,Fail to reject non-causality (p >= 0.10),codes/sec43_tab02_sequential_granger_battery.R,2026-09-28T21:10:08.680626+00:00
Step 6: Unified Central Bank Solvency System,No,4,False,g_gold,g_SolvR_H,0.162,0.9574968226279988,-0.004,Fail to reject non-causality (p >= 0.10),codes/sec43_tab02_sequential_granger_battery.R,2026-09-28T21:10:08.680626+00:00
