year,cpi,e_t,IR_usd,M0_clp,M1_clp,M2_clp,Reserves_clp,SolvR_M0,SolvR_M1,SolvR_M2,LevR_M0,LevR_M1,LevR_M2,p_copper_lme_usd,p_copper_usa_usd,g_copper,terms_of_trade,IFT_clp,ICTCOP_clp,IFGDP03,GFT_clp,BFGDP03,gdp_nom_millions_clp,Fiscal_Deficit_clp,Fiscal_Deficit_gdp,Fiscal_Deficit_gdp_nom,share_copper_rev_pct,share_fiscal_rev_gdp,wbop_gdp_usd_mer,wbop_tb_goods_gdp,wbop_x_goods_gdp,wbop_m_goods_gdp,wbop_tb_prim_gdp,wbop_x_prim_gdp,wbop_m_prim_gdp,wbop_tb_manuf_gdp,wbop_x_manuf_gdp,wbop_m_manuf_gdp,wbop_tb_serv_gdp,wbop_x_serv_gdp,wbop_m_serv_gdp,wbop_tb_tot_gdp,wbop_x_tot_gdp,wbop_m_tot_gdp,wbop_net_inc_gdp,wbop_inc_inflow_gdp,wbop_inc_outflow_gdp,wbop_net_transfer_gdp,wbop_transfer_inflow_gdp,wbop_transfer_outflow_gdp,wbop_current_account_gdp,wbop_niip_gdp,wbop_nfa_assets_gdp,wbop_nfa_liab_gdp,gold_silver_ratio,gold_london_market,gold_gap_usd,gold_gap_pct,gold_wedge_ratio,wage_share,profit_share,exploitation_rate,GDPAGR,GDPMAN,GDP_real,FTTAGP,FTTMAN,prod_agri_real,prod_manuf_real,prod_total_real,rel_prod_agri_manuf,rel_prod_agri_total,x_total_used,m_total_used,import_capacity_ratio,R_manuf_exp,R_prebisch_singer,share_prim_exp_pct,drainage_exp_pct,ext_leverage_ratio,liab_to_exp_ratio,share_fiscal_rev_gdp_dt,wage_share_dt,import_capacity_ratio_dt,bop_binding_regime,bop_binding_index,import_shortfall_pressure_z,pi_cpi,g_M0,g_M1,g_M2,g_wage_share,d_wage_share,g_rel_prod,d_ext_leverage,PIB_real_pe,g_Y_pe,C_priv_pe,C_gov_pe,C_total_pe,g_C_total_pe,X_FOB_pe,M_CIF_pe,g_X_FOB_pe,g_M_CIF_pe,X_net_pe,FBKF_total_pe,g_FBKF_total,FBKF_ME_pe,FBKF_NR_pe,Inv_var_pe,TERMINT,g_TERMINT,Capacidad_Importar,ICR,log_ICR,g_ICR,FTT,g_labour_force,unemployment_rate,g_unemployment,d_unemployment,gold_official_usd,gold_ny_market_usd,gold_ratio_fed_to_market,gold_ratio_market_to_fed,gold_premium_log,g_gold,phi_ME,log_phi_ME,s_ME,FBKF_ME,FBKF_NR,I_total,K_ME,K_NR,K_total,M_CIF,mu_t,theta_t_agg,g_Yp,ln_Yp,Yp,Y_real_us,pY_us,Py_fred_us,pK_ME_us,pK_NRC_us,g_Y_real_us,g_pY_us,g_pK_ME_us,capacity_utilization_chile_x,potential_output_chile_x,ln_potential_output_chile_x,capital_productivity_theta_chile_x,Kg_ME_harm_x,Kg_NRC_harm_x,Kg_RC_harm_x,Kg_NR_harm_x,Kg_Total_harm_x,Kn_ME_harm_x,Kn_NRC_harm_x,Kn_RC_harm_x,Kn_NR_harm_x,Kn_Total_harm_x,I_ME_harm_x,I_NRC_harm_x,I_RC_harm_x,I_NR_harm_x,I_Total_harm_x,Pk_capital_deflator_2003base_x,capacity_utilization_chile_y,potential_output_chile_y,ln_potential_output_chile_y,capital_productivity_theta_chile_y,Kg_ME_harm_y,Kg_NRC_harm_y,Kg_RC_harm_y,Kg_NR_harm_y,Kg_Total_harm_y,Kn_ME_harm_y,Kn_NRC_harm_y,Kn_RC_harm_y,Kn_NR_harm_y,Kn_Total_harm_y,I_ME_harm_y,I_NRC_harm_y,I_RC_harm_y,I_NR_harm_y,I_Total_harm_y,Pk_capital_deflator_2003base_y,capacity_utilization_chile,potential_output_chile,ln_potential_output_chile,capital_productivity_theta_chile,Kg_ME_harm,Kg_NRC_harm,Kg_RC_harm,Kg_NR_harm,Kg_Total_harm,Kn_ME_harm,Kn_NRC_harm,Kn_RC_harm,Kn_NR_harm,Kn_Total_harm,I_ME_harm,I_NRC_harm,I_RC_harm,I_NR_harm,I_Total_harm,Pk_capital_deflator_2003base,bop_ka_usd,bop_ca_usd,bop_eo_usd,bop_x_fob_usd,bop_fin_serv_usd,bop_m_cif_usd,bop_d_ir_usd,bop_nonfactor_serv_usd,bop_sdr_usd,bop_tb_usd,bop_transfers_usd,wbop_ca_usd,Kn_prod,I_prod,Kn_prod_lag,D_prod,depr_rate_pct,g_K_gross_pct,g_K_net_pct,Pk_ratio,Kn_prod_nom,I_prod_nom,D_prod_nom,I_net_prod_nom,Y_nom,Profits_nom,r_prod_pct,chi_recapitalization,chi_pct,wage_share_pct
1960,5.057401583345048e-05,0.0010509999999999,72.8,0.263508,0.3834228488521934,0.4639348488521934,0.0765127999999999,0.2903623419402826,0.1995520095608467,0.1649214328031142,3.4439727731830496,5.011224904227705,6.063493282851934,0.3079166666666666,0.3234,0.0318787433373621,108.27896712115349,707700.152,92100.0,14.442626732415633,841600.0,-2.7326057776389856,4.265,133899.848,2.7326057776389856,3.1395040562719814,13.01398618323315,14.442626732415633,4562.343098522648,0.0151445150487358,0.1231029229994725,0.1079584079507366,0.0808202434902785,0.118830628865861,0.0380103853755824,-0.0656757284415426,0.0042722941336115,0.0699480225751542,-0.0183603482277801,0.0282050929716456,0.0465654411994257,-0.0032158331790442,0.1513080159711182,0.1545238491501624,-0.0308561612118934,0.001289820629947,0.0321459818418405,4.2392215495629096e-05,0.0041095935012837,0.0040672012857881,-0.034029602175442,-0.616954923939205,0.1542387309848013,0.7711936549240064,38.27,35.28,0.0,0.0,1.0,0.6093126657451776,0.3906873342548224,0.6411935221747267,424700.9424996958,2103676.6019035773,9688926.504720556,689899.2382440319,444560.12338642,0.6155985091107901,4.732040709991936,3.911667469294876,0.130091549679808,0.157374959385737,0.1513080159711182,0.1545238491501624,1.0602554736118834,0.4622889417075295,0.5886363073455859,96.52949415861566,21.24539247674532,5.0,5.09684599308481,0.1884493954082977,0.0577832349592897,-0.2670381204795019,observed_BOP_only_pressure,-0.141497174821848,-0.390354753963858,0.0533114548906592,0.3750730165875995,0.2667007743939593,0.286354398469586,0.0578265226766527,0.0342350464688585,-0.1789749414894728,8.881784197001252e-16,9688926.504720556,0.079700350167446,6585396.415601525,1777292.40110366,8362688.816705186,0.0871423211523172,951180.496133404,1217845.9497959046,-0.0057763606803025,0.2975371264776481,-266665.4536625005,1592903.141677872,0.2588457185858459,313580.96729950694,1259369.0,19953.174378365045,108.27896712115349,0.0641954174642496,1029928.4166711132,0.8456967951026285,-0.16759438183975,-0.2391180696936994,2476930.0,0.0072911540608018,6.61,-0.2500463461364051,-1.877801371990529,35.0,35.0,1.0,1.0,0.0,0.0,0.315602953122934,-1.1532703328839358,0.2398922504497017,313580.96729950694,1259369.0,1592903.141677872,12950191.296492476,41033175.2866967,53983366.583189175,1217845.9497959046,0.8693907460558963,0.826284827586252,0.0379387665016025,16.226456798445582,11144501.535903864,2286634.60161342,15.495,15.495,0.136113858717299,0.0860530790856502,0.0255744357282683,0.0135145972208143,0.0199961954480298,0.8693907460558963,11144501.535903864,16.226456798445582,0.826284827586252,22385372.758772608,45712280.1944589,45933650.88832984,68097652.95323151,114031303.84156136,12950191.296492476,28082983.990204223,29793576.842629246,41033175.2866967,70826752.12932596,2202446.195949856,2465190.307438747,1789923.6553688024,4667636.503388601,6457560.158757404,4.028036159605113e-05,0.8693907460558963,11144501.535903864,16.226456798445582,0.826284827586252,22385372.758772608,45712280.1944589,45933650.88832984,68097652.95323151,114031303.84156136,12950191.296492476,28082983.990204223,29793576.842629246,41033175.2866967,70826752.12932596,2202446.195949856,2465190.307438747,1789923.6553688024,4667636.503388601,6457560.158757404,4.028036159605113e-05,0.8693907460558963,11144501.535903864,16.226456798445582,0.826284827586252,22385372.758772608,45712280.1944589,45933650.88832984,68097652.95323151,114031303.84156136,12950191.296492476,28082983.990204223,29793576.842629246,41033175.2866967,70826752.12932596,2202446.195949856,2465190.307438747,1789923.6553688024,4667636.503388601,6457560.158757404,4.028036159605113e-05,76.3,-148.1,43.4,-555.4,-75.3,469.7,-28.4,-24.2,,-85.7,37.1,-155.25472063059908,41033175.2866967,4667636.503388603,39290366.9274163,2924828.144108206,7.444135478580373,11.879849613039852,4.435714134459485,4.028036159605113e-07,16.52831137982292,1.8801408615542068,1.178131352509857,0.7020095090443499,4.265,1.6662814805968174,10.081377596933132,0.4213030734716615,42.13030734716615,60.931266574517764
1961,5.5432798269900106e-05,0.0010509999999999,-5.2,0.29035,0.4314664711526911,0.5160114711526911,-0.0054651999999999,-0.0188228000688823,-0.0126665693985429,-0.010591237415307,-53.12705847910416,-78.94797466747625,-94.41767385506316,0.2872499999999999,0.3032,-0.0694762668654369,107.64970431560998,796100.0,76000.0,14.14609372465396,934500.0,-2.459263122085303,4.80445299038081,138400.0,2.459263122085303,2.8806609259596514,9.54653937947494,14.14609372465396,5111.382625545973,-0.0036143182460993,0.1087089843406722,0.1123233025867715,0.0672751863410697,0.1049317432002255,0.0376565568591557,-0.0708895045871691,0.0037772411404467,0.0746667457276158,-0.0176178298058787,0.0295761163218898,0.0471939461277686,-0.0212321480519781,0.138285100662562,0.1595172487145402,-0.0308081448734448,0.0012913949508943,0.0320995398243392,0.0001119338634413,0.0040588329883586,0.0039468991249172,-0.0519283590619816,-0.5810589770995582,0.1452647442748895,0.7263237213744478,37.82,35.15,0.0,0.0,1.0,0.6588962612543945,0.3411037387456055,0.5176895951666481,418057.3778553164,2259953.4730478944,10152296.43718576,684783.6060916921,449760.5414788824,0.6104955991007454,5.024792672155759,4.0187983530951845,0.1214966743769803,0.1519099853891788,0.138285100662562,0.1595172487145402,0.9332125721537886,0.5399478712447463,0.7115744335357176,96.5253643354724,23.212580148216595,5.0,5.252364266970414,-0.2049711084287944,0.1083274020538283,-0.3870098955720887,observed_BOP_only_pressure,-0.286008963637304,-1.03160831533778,0.0917335217888997,0.0970033637662042,0.1180513803251577,0.1063848657394337,0.0782345592711291,0.0495835955092168,-0.0683515398862786,0.0,10152296.43718576,0.046716293927048,7210905.099472526,1765723.3629770344,8976628.462449562,0.0708443580217501,1010486.138369755,1448198.9616012543,0.0604829784732317,0.1732370056565475,-437712.8232314993,1613380.797967699,0.0127736252383119,397303.1144293477,1195868.0,20209.68353835097,107.64970431560998,-0.0058284486514565,1087785.3401052668,0.7511297611362164,-0.2861768576745228,-0.1185824758347728,2526202.0,0.0196970989444018,7.48,0.1236491381227908,0.8700000000000001,35.0,35.0,1.0,1.0,0.0,0.0,0.3229652333643327,-1.1302105981956525,0.2441222378482496,397303.1144293477,1195868.0,1613380.797967699,13864198.235728389,42927834.96014376,56792033.19587215,1448198.9616012543,0.87347660675918,0.8286189261749227,0.042027620194234,16.268484418639815,11622860.141444836,2326128.73844189,15.66,15.66,0.137276524647712,0.0864606712675103,0.0171242697789733,0.0105922993229454,0.0085055876912583,0.87347660675918,11622860.141444836,16.268484418639815,0.8286189261749227,23965302.010044936,47308544.771448255,47014300.53486128,71273846.7814932,118288147.31635448,13864198.235728389,29063636.724415373,30494509.98556987,42927834.96014376,73422344.94571361,2673734.551180508,2348356.8306928487,1518484.3061664037,5022091.381873356,6540575.68803976,4.617743030800952e-05,0.87347660675918,11622860.141444836,16.268484418639815,0.8286189261749227,23965302.010044936,47308544.771448255,47014300.53486128,71273846.7814932,118288147.31635448,13864198.235728389,29063636.724415373,30494509.98556987,42927834.96014376,73422344.94571361,2673734.551180508,2348356.8306928487,1518484.3061664037,5022091.381873356,6540575.68803976,4.617743030800952e-05,0.87347660675918,11622860.141444836,16.268484418639815,0.8286189261749227,23965302.010044936,47308544.771448255,47014300.53486128,71273846.7814932,118288147.31635448,13864198.235728389,29063636.724415373,30494509.98556987,42927834.96014376,73422344.94571361,2673734.551180508,2348356.8306928487,1518484.3061664037,5022091.381873356,6540575.68803976,4.617743030800952e-05,187.6,-241.1,-55.1,-619.6,-77.3,465.4,-108.6,-42.1,,-154.2,32.5,-265.4257122825255,42927834.96014376,5022091.381873356,41033175.2866967,3127431.7084262967,7.621715079506012,12.239100061801848,4.61738498229583,4.6177430308009525e-07,19.822971071457733,2.3190727478691215,1.4441675975891448,0.8749051502799767,4.80445299038081,1.638816877646399,8.267261611484985,0.5338638881584374,53.386388815843745,65.88962612543945
1962,6.323251319841383e-05,0.001142,15.4,0.498052,0.5566939022537736,0.6533019022537736,0.0175868,0.0353111723273875,0.0315915082396266,0.0269198665109174,28.31964882752974,31.65407591226224,37.14728672946605,0.29275,0.31,0.0189660857489621,103.05199971302874,957300.0,112500.0,14.237587752005206,1200600.0,-3.61851572136516,5.682780247810303,243300.0,3.61851572136516,4.281355065484869,11.751801942964589,14.237587752005206,5963.116389151287,0.0173851992611941,0.1020517147616044,0.0846665155004103,0.0713696141799295,0.0985015749289014,0.0271319607489718,-0.0539844149187353,0.003550139832703,0.0575345547514384,-0.0178035538714708,0.0306350803690788,0.0484386342405496,-0.0004183546102766,0.1326867951306833,0.13310514974096,-0.0318452611774578,0.001259106415793,0.0331043675932508,-0.0003293753931138,0.0037190654022169,0.0040484407953307,-0.0325929911808483,-0.5425754355781094,0.1356438588945273,0.6782192944726367,32.22,35.1,0.0,0.0,1.0,0.5941905193772513,0.4058094806227487,0.6829618908225973,395358.53198702,2473306.253821519,10633376.753748316,679263.1542632878,454725.8501285024,0.5820403027981346,5.439115135245952,4.1298307671194,0.1070101088734933,0.1409356304457273,0.1326867951306833,0.13310514974096,1.0272810331035704,0.433611759894966,0.5840978156234246,96.5212345123291,24.949255546225498,5.0,5.111430220352054,-0.2103645771529702,0.0445822317620068,-0.2858703082567987,observed_BOP_only_pressure,0.244084530154194,-0.0263530440966396,0.1316471731039463,0.5396173974261312,0.2548257372522891,0.235910357453416,-0.1033660960515602,-0.0647057418771431,-0.1269635855705315,0.0,10633376.753748316,0.0462978746727849,7183918.436228508,1860851.855301441,9044770.29152995,0.0075623601429484,1054516.324016511,1277257.926280826,0.0426506609829999,-0.1256051539961049,-222741.6022643149,1811348.0644826824,0.1157395032129571,361904.5845985093,1426754.0,22689.47988417325,103.05199971302874,-0.0436487646690135,1086700.159199336,0.8508071367884449,-0.1615698073644327,0.1246070503100901,2574772.9999999995,0.0190443858296056,7.37,-0.0148150857851405,-0.1100000000000003,35.0,35.0,1.0,1.0,0.0,0.0,0.3263109596462049,-1.1199044883091425,0.246029000418762,361904.5845985093,1426754.0,1811348.0644826824,14656733.31188608,44916460.44551279,59573193.75739887,1277257.926280826,0.8792860698884299,0.8297264282331859,0.0396689288601329,16.30815334749995,12093193.691897722,2507040.61981073,15.85,15.85,0.139508152482274,0.0869227579294918,0.0748976214697254,0.0120598097606325,0.0161257206624105,0.8792860698884299,12093193.691897722,16.30815334749995,0.8297264282331859,25335258.074631978,49255489.58126069,48650831.03517196,74590747.65589267,123241578.69106464,14656733.31188608,30259727.133626707,31555999.68371839,44916460.4455128,76472460.12923118,2535253.863514534,2716790.8312457125,2091081.6942836496,5252044.694760246,7343126.389043895,4.8801595477213534e-05,0.8792860698884299,12093193.691897722,16.30815334749995,0.8297264282331859,25335258.074631978,49255489.58126069,48650831.03517196,74590747.65589267,123241578.69106464,14656733.31188608,30259727.133626707,31555999.68371839,44916460.4455128,76472460.12923118,2535253.863514534,2716790.8312457125,2091081.6942836496,5252044.694760246,7343126.389043895,4.8801595477213534e-05,0.8792860698884299,12093193.691897722,16.30815334749995,0.8297264282331859,25335258.074631978,49255489.58126069,48650831.03517196,74590747.65589267,123241578.69106464,14656733.31188608,30259727.133626707,31555999.68371839,44916460.4455128,76472460.12923118,2535253.863514534,2716790.8312457125,2091081.6942836496,5252044.694760246,7343126.389043895,4.8801595477213534e-05,133.2,-181.9,-0.3,-588.5,-90.2,500.7,-49.0,-25.3,,-87.8,21.4,-194.35579988197983,44916460.44551279,5252044.694760246,42927834.96014376,3263419.2093912214,7.602105283020061,12.234590213171696,4.63248493015164,4.880159547721353e-07,21.919949329301772,2.5630816062193493,1.592600641292784,0.9704809649265653,5.682780247810303,2.306126100857114,10.52067259012488,0.4208273626346227,42.08273626346227,59.41905193772513
1963,8.650706189883492e-05,0.0018745,-24.3,0.529,0.7462609167152705,0.8547449167152705,-0.04555035,-0.0861065217391304,-0.0610381020628732,-0.0532911622043299,-11.613522179302684,-16.383209277541674,-18.76483751969569,0.2931666666666667,0.31,0.0014222730316764,100.99095971876817,1353800.0,166600.0,13.841770276579688,1638200.0,-2.907814645190768,8.728113892094798,284400.0,2.907814645190768,3.258435940639889,12.306101344364013,13.841770276579688,5919.52825446722,-0.0011199500255399,0.1049081890911932,0.1060281391167332,0.0631189487890857,0.1008402962116424,0.0377213474225566,-0.0642388988146256,0.0040678928795508,0.0683067916941765,-0.0181622193944011,0.031634054736116,0.0497962741305171,-0.0192821694199411,0.1365422438273092,0.1558244132472504,-0.0328870213715148,0.0012299487978929,0.0341169701694077,0.0001099574686681,0.0038751349050871,0.003765177436419,-0.0520592333227878,-0.5794036491911968,0.1448509122977991,0.7242545614889959,27.34,35.09,0.0,0.0,1.0,0.5576814422070525,0.4423185577929475,0.7931383838817541,418389.55608753534,2570688.867773117,11306060.64095473,673369.4922384343,459461.40921190055,0.6213372612066411,5.595004969367367,4.310933316615394,0.1110521375063043,0.1441305665322762,0.1365422438273092,0.1558244132472504,0.8849404248610147,0.5002612362264018,0.677375952474545,96.12242579460144,24.986384589194905,5.0,5.304252670733836,-0.7030695486539102,0.0090337261771297,-0.4211397901338466,observed_BOP_only_pressure,0.309856910645184,0.306385242991477,0.3134074328432845,0.0602839426141093,0.293059751613767,0.2687637277966079,-0.0634121003706974,-0.0365090771701988,0.0370764928458209,0.0,11306060.64095473,0.0613411173079967,7512215.069727741,1855358.7182119768,9367573.787939718,0.0350674063275207,1061466.4016463386,1201729.335228026,0.006569148735469,-0.0609539028714092,-140262.93358168728,2078749.7865966992,0.1376952937970266,302885.753904942,1749825.0,26039.032691757195,100.99095971876817,-0.0202027073175194,1071985.1061149116,0.8920353982300885,-0.1142494630750723,0.0473203442893603,2622648.0,0.0184231195056696,6.97,-0.0558024814288127,-0.4000000000000003,35.0,35.0,1.0,1.0,0.0,0.0,0.3220898314342677,-1.1329247927357768,0.2436217447379116,302885.753904942,1749825.0,2078749.7865966992,15227201.784688788,47276257.424464405,62503459.20915319,1201729.335228026,0.8984565882991259,0.8283250851314496,0.0397730219864868,16.347926369486437,12583869.702996254,2643039.90843313,16.032,16.032,0.141193612085599,0.0873137852681827,0.0528267135781383,0.0114172245791648,0.0120090435618236,0.8984565882991259,12583869.702996254,16.347926369486437,0.8283250851314496,26321355.43168608,52168081.99172329,50678002.75737807,78489437.42340937,129167440.18078744,15227201.784688788,32049055.63977561,32870867.87535385,47276257.424464405,80147125.29981826,2228136.7596432245,3700722.410047596,2498302.1879122555,5928859.16969082,8427161.357603075,6.913425126411502e-05,0.8984565882991259,12583869.702996254,16.347926369486437,0.8283250851314496,26321355.43168608,52168081.99172329,50678002.75737807,78489437.42340937,129167440.18078744,15227201.784688788,32049055.63977561,32870867.87535385,47276257.424464405,80147125.29981826,2228136.7596432245,3700722.410047596,2498302.1879122555,5928859.16969082,8427161.357603075,6.913425126411502e-05,0.8984565882991259,12583869.702996254,16.347926369486437,0.8283250851314496,26321355.43168608,52168081.99172329,50678002.75737807,78489437.42340937,129167440.18078744,15227201.784688788,32049055.63977561,32870867.87535385,47276257.424464405,80147125.29981826,2228136.7596432245,3700722.410047596,2498302.1879122555,5928859.16969082,8427161.357603075,6.913425126411502e-05,107.6,-157.8,22.0,-565.0,-90.0,504.0,-28.2,-11.3,,-61.0,4.5,-308.16610256014377,47276257.4244644,5928859.16969082,44916460.44551279,3569062.190739207,7.946000542649083,13.199747065739952,5.253746523090863,6.913425126411502e-07,32.68408659609905,4.098872395469575,2.467444422718171,1.6314279727514043,8.728113892094798,3.860606749003961,11.81188508252434,0.4225833084844277,42.25833084844277,55.76814422070525
1964,0.00012459608512,0.00237175,-16.5,0.891,1.1290137309097388,1.273013730909739,-0.039133875,-0.0439212962962963,-0.0346620009381698,-0.0307411256059536,-22.7679983134816,-28.850036724186875,-32.52971321929501,0.4399166666666665,0.3235,0.4058440395261122,102.95194922787046,2038400.0,256700.0,14.155205905026031,2331700.0,-2.036755245263018,13.278096971875522,293300.0,2.036755245263018,2.208900873530611,12.593210361067502,14.155205905026031,6312.288852016095,0.0177578982341459,0.1130972643379492,0.0953393661038032,0.0766500515356004,0.108998621553529,0.0323485700179285,-0.0588921533014544,0.0040986427844201,0.0629907960858746,-0.018007412716701,0.0328120700234372,0.0508194827401383,-0.0002495144825551,0.1459093343613865,0.1461588488439416,-0.0335430981377412,0.0012130593925802,0.0347561575303214,7.385155945102044e-05,0.0037624862137025,0.0036886346542514,-0.0337187610608453,-0.5921722630761694,0.1480430657690423,0.7402153288452118,27.04,35.09,0.0,0.0,1.0,0.6767742739731578,0.3232257260268422,0.4775975365157895,418987.4769055295,2701205.815102437,11557630.950735234,667260.0715267259,464023.4427821276,0.627922297143997,5.821270147272993,4.328472148375398,0.1078668883693966,0.1450678843757085,0.1459093343613865,0.1461588488439416,1.0277619522773422,0.4317119008291807,0.5779045201497343,96.3760018348694,23.82037974639637,5.0,5.073118399758133,-0.486521416282986,0.1290871295285567,-0.271247136352011,observed_BOP_only_pressure,-0.311598495973343,-0.897149854465969,0.3648511352226915,0.5213559956125099,0.4140244327221087,0.39833930335928,0.1935498890422815,0.1190928317661053,-0.0291018464437837,0.0,11557630.950735234,0.0220069853377147,7744400.289430746,1925071.289165166,9669471.578595912,0.0317195338622973,1191441.8793989513,1263576.2182765342,0.1155128871218451,0.050184337080509,-72134.33887758292,1960293.711016905,-0.0586723342902626,339476.494051527,1596262.0,24555.21696537803,102.95194922787046,0.0192313619278881,1226612.638758394,0.970746854061121,-0.0296895511058499,0.0845599119692223,2670141.0,0.0179467856109241,6.47,-0.0744391162596234,-0.5,35.0,35.0,1.0,1.0,0.0,0.0,0.3202724154338261,-1.1385833471064806,0.2425805551111119,339476.494051527,1596262.0,1960293.711016905,15870842.068814576,49554196.0656108,65425038.13442538,1263576.2182765342,0.884367914334233,0.8277061347492263,0.0378122059053692,16.385738575391805,13068804.016296798,2809129.44482674,16.276,16.276,0.143260326179898,0.089565304470478,0.060944894054181,0.0151049052369893,0.0145313541735165,0.884367914334233,13068804.016296798,16.385738575391805,0.8277061347492263,27433935.72898412,54828322.95627069,52234807.261995785,82262258.68525481,134497065.9472506,15870842.068814576,33683353.99679623,33880645.53814058,49554196.0656108,83434841.60375139,2435336.563805826,3467152.671282974,2044456.3364991315,5902489.2350888,7946945.571587931,0.0001061025643919,0.884367914334233,13068804.016296798,16.385738575391805,0.8277061347492263,27433935.72898412,54828322.95627069,52234807.261995785,82262258.68525481,134497065.9472506,15870842.068814576,33683353.99679623,33880645.53814058,49554196.0656108,83434841.60375139,2435336.563805826,3467152.671282974,2044456.3364991315,5902489.2350888,7946945.571587931,0.0001061025643919,0.884367914334233,13068804.016296798,16.385738575391805,0.8277061347492263,27433935.72898412,54828322.95627069,52234807.261995785,82262258.68525481,134497065.9472506,15870842.068814576,33683353.99679623,33880645.53814058,49554196.0656108,83434841.60375139,2435336.563805826,3467152.671282974,2044456.3364991315,5902489.2350888,7946945.571587931,0.0001061025643919,152.1,-131.6,2.9,-611.9,-103.4,594.0,23.4,-18.1,,-17.9,7.8,-212.8425595481682,49554196.0656108,5902489.2350888,47276257.4244644,3624550.5939423963,7.666746039983218,12.48510257927988,4.818356539296667,1.061025643919e-06,52.57827278940309,6.26269244138506,3.8457411278547253,2.416951313530335,13.278096971875522,4.29182253398928,8.162730166469595,0.5631526686831017,56.31526686831017,67.67742739731578
1965,0.0001796301759175,0.0031273333333333,35.2,1.251,1.8640342866326824,2.0400342866326824,0.1100821333333333,0.087995310418332,0.0590558522033375,0.0539609231347954,11.364241972054804,16.93312284372531,18.53192906841088,0.5840833333333334,0.3535999999999999,0.2834583516767091,115.84257144211642,3469000.0,407000.0,16.575243411421646,3769800.0,-1.4372537382979629,18.66080234104896,300800.0,1.4372537382979629,1.6119349774061835,11.73248774863073,16.575243411421646,6467.116743186291,0.0358909312104728,0.128645694762097,0.0927547635516242,0.092040382985949,0.1235951759712375,0.0315547929852885,-0.0561494517754761,0.0050505187908594,0.0611999705663356,-0.0178354830780438,0.0339987544048253,0.0518342374828691,0.0180554481324289,0.1626444491669223,0.1445890010344933,-0.0340333280445123,0.0012011094177244,0.0352344374622367,-1.6189639580065643e-05,0.0036183491968908,0.0036345388364709,-0.0159940695516634,-0.6109066978572105,0.1527266744643026,0.7636333723215132,27.04,35.13,0.0,0.0,1.0,0.6381088691725728,0.3618911308274272,0.5671307018451045,427446.9492193727,2820408.599814974,11651050.637611322,660709.4997473711,468317.2938528574,0.646951420227515,6.0224310245120485,4.288750292680379,0.1074236330137018,0.1508484700850195,0.1626444491669223,0.1445890010344933,1.3030832973102917,0.3762807207980764,0.4951647188930561,96.0740864276886,21.663473695358395,5.000000000000001,4.695108724785281,1.836628594037205,0.0913822963132933,0.0111453350464464,non_binding_adjustment,-0.160727920063373,-0.15021791642246,0.3658229728356978,0.3393540829961017,0.5013986631065098,0.4715795091100752,-0.0588288861770579,-0.038665404800585,-0.0041177473040709,8.881784197001252e-16,11651050.637611322,0.0080504522467066,7753602.689312588,2107463.555158141,9861066.24447073,0.0196206386203066,1231609.1982200935,1283471.1189187055,0.0331573685406265,0.0156222501013782,-51861.920698612,1841846.313839204,-0.062325814620852,292369.8038919817,1526405.0,23071.50994722196,115.84257144211642,0.1179697595855975,1426727.7653357892,1.11161657189277,0.1058153269189959,0.1355048780248459,2716654.0,0.017269695990528,5.87,-0.0973214746728039,-0.5999999999999996,35.0,35.0,1.0,1.0,0.0,0.0,0.3168033132533741,-1.1494741605947438,0.240585142871991,292369.8038919817,1526405.0,1841846.313839204,16286933.464280952,51410237.15006076,67697170.6143417,1283471.1189187055,0.8667032104470094,0.826817636977774,0.028227020633077,16.413965596024884,13442953.132251823,3032710.39869675,16.574,16.574,0.146647204024043,0.0920083342239692,0.076582111463459,0.018143572287407,0.0233662915804102,0.8667032104470094,13442953.132251823,16.413965596024884,0.826817636977774,28153180.77919087,57172211.471526094,53902299.804147534,85325392.25071697,139227692.0548645,16286933.464280952,35123303.68577981,34962217.89801872,51410237.15006076,86372455.04807948,2125056.8591974047,3170002.855376333,2171705.252864242,5295059.714573737,7466764.967437981,0.0001528953734864,0.8667032104470094,13442953.132251823,16.413965596024884,0.826817636977774,28153180.77919087,57172211.471526094,53902299.804147534,85325392.25071697,139227692.0548645,16286933.464280952,35123303.68577981,34962217.89801872,51410237.15006076,86372455.04807948,2125056.8591974047,3170002.855376333,2171705.252864242,5295059.714573737,7466764.967437981,0.0001528953734864,0.8667032104470094,13442953.132251823,16.413965596024884,0.826817636977774,28153180.77919087,57172211.471526094,53902299.804147534,85325392.25071697,139227692.0548645,16286933.464280952,35123303.68577981,34962217.89801872,51410237.15006076,86372455.04807948,2125056.8591974047,3170002.855376333,2171705.252864242,5295059.714573737,7466764.967437981,0.0001528953734864,65.8,-56.6,37.5,-615.5,-126.2,684.2,46.7,-8.9,,68.7,9.8,-103.43551498924845,51410237.15006076,5295059.714573737,49554196.0656108,3439018.630123779,6.939914080273739,10.68539121805743,3.7454771377836837,1.5289537348639998e-06,78.60387410082934,8.095901326925421,5.258100378794628,2.837800948130793,18.66080234104896,6.7531788613493084,8.59140715212923,0.4202170572398834,42.02170572398834,63.81088691725728
1966,0.0002478091536952,0.0039553333333333,77.4,2.041,2.5900747695107174,2.855074769510717,0.3061428,0.1499964723174914,0.1181984410657891,0.1072275946217914,6.666823456243296,8.46034846976874,9.325957590741044,0.6945833333333332,0.36,0.1732684786845693,142.39725320346312,4897900.0,808900.0,15.262071059511795,5392900.0,-1.5424416942890515,26.72588072184333,495000.0,1.5424416942890515,1.852137279036165,16.515241225831478,15.262071059511795,7581.819814745736,0.028127355959178,0.1275263265728241,0.0993989706136461,0.0903365954923894,0.1216509100575507,0.0313143145651612,-0.0622092395332114,0.0058754165152734,0.0680846560484848,-0.0175101607147618,0.0352437646841207,0.0527539253988826,0.0106171952444161,0.1627700912569449,0.1521528960125287,-0.0341450554082549,0.0011984615755197,0.0353435169837746,-0.0001314185078323,0.0034606177508745,0.0035920362587068,-0.0236592786716711,-0.5347318385674702,0.1336829596418675,0.6684147982093378,27.04,35.17,0.0,0.0,1.0,0.553495656761064,0.4465043432389359,0.8066989104337007,517888.00924485794,3175390.451916545,12950278.200823154,652685.3797654265,471540.1284818501,0.793472667383764,6.734083188508033,4.69642462919828,0.1178293533316985,0.1689524968527423,0.1627700912569449,0.1521528960125287,1.5233370186235191,0.4182872634813978,0.5596723938709158,95.39278149604796,21.71376615374764,5.0,4.106496427247156,0.4265687460519329,0.0077296554871063,0.2384701827251818,non_binding_adjustment,0.233040344601166,0.663542230488992,0.3217587492514937,0.4894966523429337,0.328943633621239,0.3361314168477576,-0.1422550048691089,-0.0846132124115087,0.0924572150131384,-8.881784197001252e-16,12950278.200823154,0.1057209111724688,9075040.531686,2329421.333541879,11404461.865227878,0.1454103693608921,1293972.1149192594,1649240.5779394894,0.0493950407721772,0.250746706908501,-355268.46302022994,1901084.7986155064,0.0316561699296684,374517.2499430633,1502754.0,23813.548672443256,142.39725320346312,0.2063885828765919,1842580.7488637848,1.1172298168687125,0.1108522436592652,0.0050369167402692,2757476.0,0.0149147925747286,5.56,-0.0542565255775142,-0.3100000000000005,35.0,35.0,1.0,1.0,0.0,0.0,0.3179866228110713,-1.145745963718637,0.2412669577274257,374517.2499430633,1502754.0,1901084.7986155064,16946582.86887736,53293382.970220126,70239965.83909748,1649240.5779394894,0.9344133287495702,0.8271247639649913,0.0304986350523217,16.444464231077205,13859260.995509546,3239530.15083045,17.039,17.039,0.150925422648431,0.0950748188731155,0.0659715634149264,0.0276696318062517,0.0287560954629968,0.9344133287495702,13859260.995509546,16.444464231077205,0.8271247639649913,29293434.036761858,59163766.60628809,55620964.223615214,88457200.64304996,144078164.86666518,16946582.86887736,36346800.10134277,36076981.46367975,53293382.970220126,89370364.4338999,2630144.7083470724,2837180.4161487725,2239590.087578898,5467325.124495844,7706915.212074743,0.000204721633273,0.9344133287495702,13859260.995509546,16.444464231077205,0.8271247639649913,29293434.036761858,59163766.60628809,55620964.223615214,88457200.64304996,144078164.86666518,16946582.86887736,36346800.10134277,36076981.46367975,53293382.970220126,89370364.4338999,2630144.7083470724,2837180.4161487725,2239590.087578898,5467325.124495844,7706915.212074743,0.000204721633273,0.9344133287495702,13859260.995509546,16.444464231077205,0.8271247639649913,29293434.036761858,59163766.60628809,55620964.223615214,88457200.64304996,144078164.86666518,16946582.86887736,36346800.10134277,36076981.46367975,53293382.970220126,89370364.4338999,2630144.7083470724,2837180.4161487725,2239590.087578898,5467325.124495844,7706915.212074743,0.000204721633273,168.0,-82.2,33.8,-775.4,-184.8,866.3,119.6,-1.5,,90.9,13.2,-179.38038783546713,53293382.970220126,5467325.124495845,51410237.15006076,3584179.304336481,6.97172295446656,10.63470123379772,3.6629782793311674,2.04721633273e-06,109.10308404306949,11.192797291212976,7.337590411270493,3.8552068799424832,26.72588072184333,11.933221819188795,10.937565994448004,0.3230650480110287,32.30650480110287,55.34956567610641
1967,0.0003200499638478,0.0050310833333333,54.3,2.454,3.240146336434792,3.5861463364347923,0.2731878249999999,0.1113234820700895,0.0843134218748264,0.0761786607045134,8.982830768538097,11.86050782619904,13.12703571776961,0.5112499999999999,0.381,-0.3064534380398827,135.58971443723507,6312200.0,931900.0,14.750550217294755,6532400.0,-0.5145703808257521,34.8004112091981,220200.0,0.5145703808257521,0.6327511438767106,14.76347390767086,14.750550217294755,7470.377012031579,0.033615743437484,0.1305546258791006,0.0969388824416165,0.0938678411728733,0.1257623126202282,0.0318944714473548,-0.0602520977353893,0.0047923132588724,0.0650444109942617,-0.0166409665675294,0.036696251194217,0.0533372177617465,0.0169747768699545,0.1672508770733176,0.1502761002033631,-0.035184439564918,0.001175079794218,0.036359519359136,1.1372828594231313e-05,0.0034514865578813,0.0034401137292871,-0.0181982898663691,-0.5667211748808901,0.1416802937202225,0.7084014686011126,22.56,35.19,0.0,0.0,1.0,0.5791916250038267,0.4208083749961733,0.726544302144205,533500.3861591496,3266408.8493962022,13370718.576514369,644478.6346376915,474579.476404337,0.8278015088259195,6.882743590481891,4.779194349242168,0.1202720249481154,0.1732094257596331,0.1672508770733176,0.1502761002033631,1.5090555737778415,0.3889032579826068,0.5172011363267479,96.329265832901,21.739508931362515,4.999999999999999,4.235562055023311,-0.1818395922405288,0.0343861953151906,0.2312598642450122,non_binding_adjustment,0.299133599083585,0.696644533728913,0.2558182122657548,0.184279462461012,0.2239317505188838,0.2279801503211023,0.0453794761196998,0.0256959682427626,0.0205186323021822,-8.881784197001252e-16,13370718.576514369,0.0319498645043943,9304641.336739726,2368926.5514860377,11673567.888225764,0.0233224606975923,1269896.106950456,1514470.433940269,-0.0187815547516549,-0.0852490968673134,-244574.326989813,1941725.0152784176,0.0211520912351925,392800.3952703527,1524602.0,24322.6200080649,135.58971443723507,-0.0489871890937223,1721848.5050636886,1.1369310793237966,0.1283325966812008,0.0174803530219355,2797693.0,0.0144793804221929,4.16,-0.290083033989319,-1.3999999999999997,35.0,35.0,1.0,1.0,0.0,0.0,0.3187592098564296,-1.143319289259685,0.2417114568558215,392800.3952703527,1524602.0,1941725.0152784176,17624608.12969785,55291290.68187879,72915898.81157663,1514470.433940269,0.9353672101815144,0.8272312619580249,0.0309295506281541,16.47539378170536,14294619.72899358,3313586.99298466,17.533,17.533,0.155104976391126,0.0984497208876961,0.0226029821961155,0.0285799852548889,0.0273163296512257,0.9353672101815144,14294619.72899358,16.47539378170536,0.8272312619580249,30465451.334100284,61312214.80671827,57195333.16647004,91777666.14081857,148972999.3072886,17624608.12969785,37666682.55218094,37098151.80765323,55291290.68187879,92389442.489532,2745628.1733012665,3013756.997733641,2112283.714442254,5759385.171034908,7871668.885477162,0.0002612086885226,0.9353672101815144,14294619.72899358,16.47539378170536,0.8272312619580249,30465451.334100284,61312214.80671827,57195333.16647004,91777666.14081857,148972999.3072886,17624608.12969785,37666682.55218094,37098151.80765323,55291290.68187879,92389442.489532,2745628.1733012665,3013756.997733641,2112283.714442254,5759385.171034908,7871668.885477162,0.0002612086885226,0.9353672101815144,14294619.72899358,16.47539378170536,0.8272312619580249,30465451.334100284,61312214.80671827,57195333.16647004,91777666.14081857,148972999.3072886,17624608.12969785,37666682.55218094,37098151.80765323,55291290.68187879,92389442.489532,2745628.1733012665,3013756.997733641,2112283.714442254,5759385.171034908,7871668.885477162,0.0002612086885226,125.5,-127.4,-21.5,-769.0,-212.7,874.3,-23.4,-28.6,,105.3,8.6,-135.94808627601097,55291290.68187879,5759385.171034908,53293382.970220126,3761477.4593762457,7.058057210363482,10.806942344518083,3.7488851341546043,2.612086885226e-06,144.42565525735412,15.044014472225385,9.825305940709905,5.21870853151548,34.8004112091981,14.644304490141268,10.13968360679851,0.3563643828239696,35.63643828239696,57.91916250038267
1968,0.0004139455735942,0.0067865833333333,125.4,3.357,4.480313609356624,4.932313609356624,0.85103755,0.2535113345248734,0.1899504419116343,0.1725432763207874,3.944596804218568,5.2645310531322895,5.795647453342832,0.5633333333333334,0.4117,0.0970128118919982,145.1132236735698,8777871.29380296,1182071.29380296,15.31138512182765,9131300.0,-0.616491499198967,48.3607654522264,353428.70619704016,0.616491499198967,0.7308170226258676,13.46649152440278,15.31138512182765,7612.775577706601,0.0435482790418727,0.1397867657136378,0.096238486671765,0.1068939046345436,0.1354674210953128,0.0285735164607692,-0.0633456255926708,0.0043193446183249,0.0676649702109958,-0.0178265635537771,0.0373857211148878,0.055212284668665,0.0257217154880955,0.1771724868285256,0.15145077134043,-0.0349220366467618,0.0011807778894038,0.0361028145361656,-0.0001066051638894,0.0032913030621248,0.0033979082260142,-0.0093069263225556,-0.5739784233405845,0.1434946058351461,0.7174730291757305,18.29,38.69,4.259999999999998,12.171428571428567,1.1217142857142857,0.5394079097121091,0.4605920902878909,0.8538845686073023,558568.7700839413,3372176.066001309,13849416.79463108,636110.005734896,477440.11889771343,0.8781009024353081,7.063034572349716,4.881175138522334,0.1243234608921337,0.1798953894330318,0.1771724868285256,0.15145077134043,1.697585986680749,0.3819157896478847,0.4994925692383836,96.91004753112792,20.377212727790727,5.0,4.049573621835135,0.2821078162169448,-0.0044369483912052,0.4268614035134278,non_binding_adjustment,0.212256232153083,0.835679368341336,0.2572573798047282,0.3133283717091782,0.3240745517147954,0.3187299878736847,-0.0711613068677613,-0.0397837152917176,0.0331306729449134,8.881784197001252e-16,13849416.79463108,0.0351759879476176,9608989.202805538,2473819.44938158,12082808.652187116,0.0344565385909021,1296522.466940126,1655307.560991126,0.0207505631894271,0.0889209997195408,-358785.09405099973,2125393.2364949626,0.0903800766051947,453511.934198182,1645258.0,26623.302296780515,145.1132236735698,0.0678807702381245,1881425.5474289104,1.1366017964071855,0.1280429303892123,-0.0002896662919885,2837312.0,0.0140619761118934,4.36,0.0469569830877711,0.2000000000000001,35.0,39.26,0.891492613346918,1.1217142857142857,0.1148581273589012,0.1148581273589015,0.3215450281453488,-1.1346176886717962,0.2433099298906249,453511.934198182,1645258.0,2125393.2364949626,18482185.68166382,57479307.91611951,75961493.59778333,1655307.560991126,0.9365735883620177,0.8281332266896244,0.0338870814304337,16.509280863135793,14787323.672934735,3505836.10678337,18.28,18.28,0.160063468925549,0.104386961698517,0.0563977526010717,0.0417227465380127,0.031468262644539,0.9365735883620177,14787323.672934735,16.509280863135793,0.8281332266896244,31947838.175406124,63477847.61693475,59066227.199589886,95425685.79234087,154491912.99193078,18482185.68166381,38997122.23445569,38311654.85089456,57479307.91611951,95790962.76701404,3139391.2836926,3050655.142082723,2426205.452054084,6190046.425775323,8616251.877829406,0.0003431405533353,0.9365735883620177,14787323.672934735,16.509280863135793,0.8281332266896244,31947838.175406124,63477847.61693475,59066227.199589886,95425685.79234087,154491912.99193078,18482185.68166381,38997122.23445569,38311654.85089456,57479307.91611951,95790962.76701404,3139391.2836926,3050655.142082723,2426205.452054084,6190046.425775323,8616251.877829406,0.0003431405533353,0.9365735883620177,14787323.672934735,16.509280863135793,0.8281332266896244,31947838.175406124,63477847.61693475,59066227.199589886,95425685.79234087,154491912.99193078,18482185.68166381,38997122.23445569,38311654.85089456,57479307.91611951,95790962.76701404,3139391.2836926,3050655.142082723,2426205.452054084,6190046.425775323,8616251.877829406,0.0003431405533353,294.6,-135.3,-41.4,-801.6,-215.2,911.1,117.9,-36.4,,109.5,6.8,-70.85154141186598,57479307.9161195,6190046.425775323,55291290.68187879,4002029.1915346086,7.2380824216249255,11.195337185000916,3.957254763375985,3.431405533353e-06,197.23481523667334,21.240559557117404,13.732585112472089,7.507974444645315,48.3607654522264,22.274586047563382,11.293435198463737,0.3370646003752161,33.70646003752161,53.94079097121091
1969,0.0005354045248462,0.00897425,285.2,4.821,6.057656212437275,6.6236562124372735,2.5594561,0.5308973449491806,0.4225159055320857,0.3864113743092668,1.8836033171266349,2.36677480517727,2.5879155389448854,0.6656666666666667,0.4743,0.1669175254986961,171.28858854261662,13231200.0,2015900.0,17.203619378185927,12824900.0,0.5282839465322076,70.35426720320098,-406300.0,-0.5282839465322076,-0.5775058374590165,15.23595743394401,17.203619378185927,8849.57895303369,0.0359897587026624,0.1374618072138541,0.1014720485111917,0.1016899489996741,0.1321719841371988,0.0304820351375246,-0.0657001902970117,0.0052898230766552,0.070990013373667,-0.011434509006254,0.0414170730653098,0.0528515820715639,0.0245552496964083,0.1788788802791639,0.1543236305827556,-0.0181622649099719,0.0043716124292528,0.0225338773392248,0.0005956006907291,0.0036133306455205,0.0030177299547913,0.0069885854771655,-0.5017662973928727,0.1402574741484922,0.6420237715413649,23.16,41.09,6.509999999999998,18.599999999999994,1.186,0.5005314522990513,0.4994685477009487,0.9978764479370468,494126.1930334608,3462689.3669355744,14364726.830165416,627599.044265871,480126.5661449345,0.7873278290464272,7.212034515687062,4.994100775383366,0.1091686163361936,0.1576515702140569,0.1788788802791639,0.1543236305827556,1.98543222495476,0.3968607879414148,0.537103334243489,96.15178704261778,12.59728219679023,4.577465660486991,3.5891535688249085,2.0774545764998,-0.0423528342189413,0.7217787681529472,non_binding_adjustment,0.146554533112581,0.879435289265385,0.2572880819534733,0.3619336574255871,0.3016299155792761,0.2948393455094722,-0.0748016359692026,-0.0388764574130577,-0.1299930989948881,-0.4225343395130085,14364726.830165416,0.0365325528468929,9990693.493786288,2645653.5152926138,12636347.0090789,0.0447936747013137,1428363.3005913943,1932609.3144010664,0.0968435889761014,0.1548842371729843,-504246.0138096721,2232625.834896188,0.0492215594706575,439353.3054571149,1765306.0,27966.52943907329,171.28858854261662,0.1658354956790289,2446623.336843732,1.2659689253344837,0.2358377778713565,0.1077948474821442,2876339.0,0.0136611798510237,4.96,0.1289336833758929,0.5999999999999996,35.0,41.51,0.8431703204047218,1.186,0.1705863005755336,0.0557281732166323,0.3227577299833326,-1.1308532991678062,0.244003661946016,439353.3054571149,1765306.0,2232625.834896188,19260708.756741274,59675437.54176207,78936146.29850334,1932609.3144010664,0.9409950524243836,0.8284438760461423,0.0318227679267358,16.54110363106253,15265464.779178254,3627738.03191489,19.176,19.176,0.166411214162271,0.110859945044422,0.0341802834357007,0.0478519311060789,0.0388915015569386,0.9409950524243836,15265464.779178254,16.54110363106253,0.8284438760461423,33293573.449728668,65785366.927116886,61245789.92044782,99078940.37684555,160324730.2972934,19260708.756741274,40414728.78502079,39725367.197972745,59675437.54176207,99400804.7397348,3086000.640676279,3212154.9622465223,2752812.571860095,6298155.602922801,9050968.174782896,0.000460556518367,0.9409950524243836,15265464.779178254,16.54110363106253,0.8284438760461423,33293573.449728668,65785366.927116886,61245789.92044782,99078940.37684555,160324730.2972934,19260708.756741274,40414728.78502079,39725367.197972745,59675437.54176207,99400804.7397348,3086000.640676279,3212154.9622465223,2752812.571860095,6298155.602922801,9050968.174782896,0.000460556518367,0.9409950524243836,15265464.779178254,16.54110363106253,0.8284438760461423,33293573.449728668,65785366.927116886,61245789.92044782,99078940.37684555,160324730.2972934,19260708.756741274,40414728.78502079,39725367.197972745,59675437.54176207,99400804.7397348,3086000.640676279,3212154.9622465223,2752812.571860095,6298155.602922801,9050968.174782896,0.000460556518367,222.5,-5.6,-42.4,-926.8,-228.2,1173.3,174.5,-27.5,,246.5,3.6,61.84603895020072,59675437.54176207,6298155.602922801,57479307.9161195,4102025.9772802293,7.136526388359413,10.957257196126653,3.8207308077672337,4.6055651836700005e-06,274.83911746261305,29.00656616615739,18.892148023471734,10.114418142685658,70.35426720320098,35.13974366454728,12.785568513305758,0.2878341469772917,28.78341469772917,50.05314522990513
1970,0.0007224355142911,0.01155175,393.5,7.689,10.069672021731328,10.831672021731327,4.545613625000001,0.5911839803615556,0.4514162541928006,0.4196594593965035,1.6915208010007663,2.2152503165579374,2.38288444978236,0.6419166666666667,0.5807,-0.0363305521827401,173.9288750712119,19552800.0,3100700.0,18.461744209009343,20751500.0,-1.1318119544689,101.21570334918576,1198700.0,1.1318119544689,1.1843023961060517,15.858086821324823,18.461744209009343,9680.040199756746,0.0378302459683089,0.1345280003206162,0.0966977543523072,0.1022738288243313,0.1287077766891913,0.02643394786486,-0.0644435828560223,0.0058202236314248,0.0702638064874472,-0.0312748384495393,0.0322766266901626,0.063551465139702,0.0065554075187695,0.1668046270107788,0.1602492194920092,-0.0216957129456211,0.0015183525007402,0.0232140654463614,-0.0001180813950807,0.0031113129637752,0.0032293943588559,-0.0152583868219322,-0.5459392231372051,0.133494201952375,0.67943342508958,20.54,35.94,1.4099999999999966,4.028571428571426,1.0402857142857145,0.5092767661923354,0.4907232338076646,0.9635688615379248,511842.3654184726,3531230.9681452834,14660107.037449896,618964.2005121853,482643.2426763225,0.8269337144134172,7.316441329550429,5.02957582989107,0.1130240341125279,0.164414205567575,0.1668046270107788,0.1602492194920092,1.810438841738292,0.4212341572689516,0.5459173353380431,95.67359685897826,13.916919369905326,5.089609999181633,4.073228886184766,3.2386919112477943,-0.0326469487403355,0.5538565113019864,non_binding_adjustment,0.326946350464381,0.872060580590118,0.2996055800386861,0.4668093606265584,0.508205174717391,0.4918269216280149,0.0173211752127471,0.0087453138932841,0.0347068615421677,0.5121443386946414,14660107.037449896,0.0203543218558337,10105368.754414272,2801754.437266157,12907123.191680431,0.021201999867781,1259008.0346374845,1882748.6799049373,-0.1262051069357976,-0.0261382933467686,-623740.6452674533,2376724.491036919,0.0625448782965243,463040.939347318,1883912.0,29771.55168960104,173.9288750712119,0.015296665375474,2189778.511701151,1.1630753138075314,0.1510676296578022,-0.0847701482135543,2914780.0000000005,0.0132760402992673,5.9,0.1735466101748377,0.9400000000000004,35.0,36.41,0.9612743751716564,1.0402857142857145,0.0394954006979283,-0.1310908998776052,0.323000880902889,-1.1301002285096733,0.2441426045630863,463040.939347318,1883912.0,2376724.491036919,20090795.721397035,62200436.312238365,82291232.03363541,1882748.6799049373,0.9277918657919312,0.8284568907580554,0.0344847785631556,16.575588409625684,15801073.040165666,3559188.01921839,20.189,20.189,0.17401557424684,0.118325825883081,-0.0190768879861202,0.0514784044960037,0.0446828834563239,0.9277918657919312,15801073.040165666,16.575588409625684,0.8284568907580554,34728440.75790891,68544271.87110683,63347326.427638754,103272712.62901574,166620039.0566545,20090795.721397035,42109640.59084133,41088470.025718816,62200436.312238365,103288906.3379572,3258782.0882569663,3682956.7252716986,2693399.055241216,6941738.813528664,9635137.86876988,0.0006531229740354,0.9277918657919312,15801073.040165666,16.575588409625684,0.8284568907580554,34728440.75790891,68544271.87110683,63347326.427638754,103272712.62901574,166620039.0566545,20090795.721397035,42109640.59084133,41088470.025718816,62200436.312238365,103288906.3379572,3258782.0882569663,3682956.7252716986,2693399.055241216,6941738.813528664,9635137.86876988,0.0006531229740354,0.9277918657919312,15801073.040165666,16.575588409625684,0.8284568907580554,34728440.75790891,68544271.87110683,63347326.427638754,103272712.62901574,166620039.0566545,20090795.721397035,42109640.59084133,41088470.025718816,62200436.312238365,103288906.3379572,3258782.0882569663,3682956.7252716986,2693399.055241216,6941738.813528664,9635137.86876988,0.0006531229740354,267.5,-102.9,-72.9,-956.0,-199.4,1111.9,113.5,-61.2,21.8,155.9,1.8,-147.70179781974227,62200436.312238365,6941738.813528664,59675437.54176207,4416740.043052368,7.401269642910359,11.632489177261075,4.231219534350714,6.531229740354e-06,406.2453395054861,45.3380909886881,28.84674392459603,16.49134706409207,101.21570334918576,49.6688972596297,12.226330354974806,0.3320256332225045,33.20256332225045,50.927676619233544
1971,0.0009262621418945,0.0124091666666666,162.7,20.827,21.493420951350306,22.539420951350305,2.018971416666667,0.096940097789728,0.0939343914231497,0.089575123559051,10.315648764550364,10.645728202946064,11.16381379413633,0.4925833333333334,0.5209,-0.2647948415285962,127.04652353625458,24435100.0,477500.0,16.51562320300447,34560700.0,-6.843867809190145,130.95661925458955,10125600.0,6.843867809190145,7.732026114934342,1.954156111495349,16.51562320300447,11587.76841345797,0.0109979338078012,0.0950989084485954,0.0841009746407941,0.0614389113657125,0.0901076942839776,0.0286687829182651,-0.0504409775579113,0.0049912141646177,0.055432191722529,-0.0316050815805581,0.0321166489064919,0.06372173048705,-0.0206071477727568,0.1272155573550873,0.1478227051278442,-0.015838238812545,0.0012317945366057,0.0170700333491507,6.605668162768185e-05,0.0031478872147358,0.0030818305331081,-0.0363793299036741,-0.476716524346532,0.0943242497797442,0.5710407741262763,26.66,40.8,6.25,17.85714285714286,1.1785714285714286,0.5623170054214746,0.4376829945785254,0.7783563192268533,502541.3749163414,4010668.6090314696,15972953.989602089,625263.4565502297,486308.0984012764,0.8037274042673409,8.24717626997458,5.352516839416354,0.0974548594521332,0.1501587810707346,0.1272155573550873,0.1478227051278442,1.0933566861540598,0.4357343777365632,0.6151771184803876,94.7515547275543,13.418196409346702,6.054018722223697,4.4887652579501145,1.1956834091674995,0.0213538620741252,-0.1561545179167374,observed_BOP_only_pressure,0.766937087239501,0.970903151279675,0.2485291227554915,0.996459485806836,0.7582187496805339,0.7327913813890974,0.0990741437042775,0.0530402392291391,-0.1482111965407111,0.9644087230420642,15972953.989602089,0.0857669185343574,10913905.79099863,3149878.8393828324,14063784.630381463,0.0858236829151906,1416342.167334876,1828785.044966112,0.1177534728753393,-0.0290809363334698,-412442.8776312356,2321612.236851861,-0.0234614014877578,413042.03750658507,1879489.0,29081.199345276225,127.04652353625458,-0.3140931052548774,1799413.4849770016,0.983939304364962,-0.0161910663882637,-0.1672586960460659,2984195.0000000005,0.0235356834756519,5.2,-0.1262937253242921,-0.7000000000000002,35.0,41.25,0.8484848484848485,1.1785714285714286,0.1643030512912763,0.1248076505933477,0.3219425133149433,-1.133382279453936,0.2435374534612934,413042.03750658507,1879489.0,2321612.236851861,20693892.981235795,64278223.98526099,84972116.9664968,1828785.044966112,0.9843929682313451,0.8281449275753117,0.0265491683248936,16.60213757795058,16226196.75788688,3654849.63775222,21.212,21.212,0.180047623198691,0.128303303434643,0.0265225192141365,0.0494291576467968,0.0340765868481722,0.9843929682313451,16226196.75788688,16.60213757795058,0.8281449275753117,35770939.410028554,70944709.8513107,65853618.79783174,106715649.26133925,172569268.059171,20693892.981235795,43584331.0040252,42714106.413799,64278223.98526099,106992330.39905998,2950481.007229546,3343666.0216196585,3117568.154904271,6294147.028849205,9411715.183753476,0.0008393614398309,0.9843929682313451,16226196.75788688,16.60213757795058,0.8281449275753117,35770939.410028554,70944709.8513107,65853618.79783174,106715649.26133925,172569268.059171,20693892.981235795,43584331.0040252,42714106.413799,64278223.98526099,106992330.39905998,2950481.007229546,3343666.0216196585,3117568.154904271,6294147.028849205,9411715.183753476,0.0008393614398309,0.9843929682313451,16226196.75788688,16.60213757795058,0.8281449275753117,35770939.410028554,70944709.8513107,65853618.79783174,106715649.26133925,172569268.059171,20693892.981235795,43584331.0040252,42714106.413799,64278223.98526099,106992330.39905998,2950481.007229546,3343666.0216196585,3117568.154904271,6294147.028849205,9411715.183753476,0.0008393614398309,-26.5,-205.5,-84.5,-1014.9,-118.5,998.6,-299.8,-74.2,16.7,-16.3,3.5,-421.55524996056175,64278223.98526099,6294147.028849205,62200436.312238365,4216359.355826572,6.778665240643937,10.119136459515136,3.340471218871191,8.393614398308999e-06,539.5266263404175,52.830643126422494,35.39049459751077,17.440148528911728,130.95661925458955,57.31748527522854,10.6236620172039,0.3042727440879024,30.42727440879024,56.23170054214746
1972,0.0032899422505268,0.019485,75.8,56.212,54.13146509895135,54.61546509895136,1.4769629999999998,0.0262748701344908,0.0272847409043915,0.0270429446554023,38.05917954613624,36.65052211798898,36.97822159319588,0.4855833333333334,0.5144,-0.0143127336812952,120.1955825311693,52129480.27367995,1129480.27367995,10.041782602133766,81999999.99999997,-5.754004523538278,242.51550417656173,29870519.72632002,5.754004523538278,12.316952612057742,2.166682398808073,10.041782602133766,12510.70561333602,0.0003653496009011,0.0761034846090466,0.0757381350081454,0.0406950986904297,0.0720401089184636,0.0313450102280338,-0.0403297490895285,0.004063375690583,0.0443931247801115,-0.0314079203231653,0.0321657695568228,0.0635736898799882,-0.0310425707222641,0.1082692541658694,0.1393118248881336,-0.0131139882771756,0.0009701433037208,0.0140841315808965,0.0001323599665083,0.0031838879999792,0.0030515280334708,-0.0440241990329314,-0.4942477543744728,0.0833673484231195,0.5776151027975923,34.75,58.16,20.6,54.21052631578949,1.5421052631578949,0.6903477385078481,0.3096522614921518,0.4485453405865421,465425.9937697417,4100373.7554931073,15779175.459507676,631437.6590446006,489870.9728206956,0.7370893818305935,8.370313782592588,5.165912187838086,0.0880599462547615,0.1426832967788139,0.1082692541658694,0.1393118248881336,0.9341264523045076,0.4100252201987178,0.6162278964674606,94.66072320938112,13.008431331132575,6.928553129289735,5.334987363196211,-5.375044687778624,0.1503451667458205,-0.3083136254007816,observed_BOP_only_pressure,0.55351940903564,0.444818800510926,1.267468005391584,0.992880035381619,0.9236687407024512,0.8850512677586115,0.2051296820394219,0.1280307330863735,-0.1013715008151532,0.8745344070660384,15779175.459507676,-0.0122058544896042,11301112.222100556,3328889.0976120643,14630001.31971262,0.0394712779518116,1260235.6735514142,1966210.8920168497,-0.1167788637042512,0.0724564490504775,-705975.2184654356,1855149.358260492,-0.2242966646033384,314937.2104567951,1516974.0,23238.147803696804,120.1955825311693,-0.0554330759971746,1514747.609090727,0.7703891862469381,-0.2608594551401689,-0.2446683887519051,3054480.0,0.023279336637902,4.0,-0.262364264467491,-1.2000000000000002,38.0,58.6,0.6484641638225256,1.5421052631578949,0.4331485368565812,0.3510835838022772,0.3185103656478114,-1.1441002592944434,0.2415683440541786,314937.2104567951,1516974.0,1855149.358260492,20852381.7511092,65468455.66139735,86320837.41250655,1966210.8920168497,0.95986552674759,0.8271680371802419,0.0130261224534814,16.61516370040406,16438943.810154196,3887808.90971532,22.13,22.13,0.183593725361549,0.136145251089997,0.0617907830809443,0.0423670947880747,0.0195039127887783,0.95986552674759,16438943.810154196,16.61516370040406,0.8271680371802419,36044899.08448189,72624136.82517461,67834844.58105855,108669035.90965648,176503880.49071503,20852381.7511092,44616073.91028816,43999173.0582656,65468455.66139735,109467628.71966296,2266241.3474522075,2641622.2543472634,2612831.329989387,4907863.601799471,7520694.931788858,0.0017463306952445,0.95986552674759,16438943.810154196,16.61516370040406,0.8271680371802419,36044899.08448189,72624136.82517461,67834844.58105855,108669035.90965648,176503880.49071503,20852381.7511092,44616073.91028816,43999173.0582656,65468455.66139735,109467628.71966296,2266241.3474522075,2641622.2543472634,2612831.329989387,4907863.601799471,7520694.931788858,0.0017463306952445,0.95986552674759,16438943.810154196,16.61516370040406,0.8271680371802419,36044899.08448189,72624136.82517461,67834844.58105855,108669035.90965648,176503880.49071503,20852381.7511092,44616073.91028816,43999173.0582656,65468455.66139735,109467628.71966296,2266241.3474522075,2641622.2543472634,2612831.329989387,4907863.601799471,7520694.931788858,0.0017463306952445,327.4,-404.8,-171.6,-1102.6,-59.3,849.2,-230.8,-97.5,18.2,-253.4,5.4,-550.7737939639171,65468455.66139737,4907863.601799471,64278223.98526099,3717631.9256630987,5.783656882796812,7.63534412980179,1.8516872470049808,1.7463306952445e-05,1143.2957369175178,85.70752855895647,64.92214745406389,20.78538110489258,242.51550417656173,75.09547431518175,6.568333274612695,0.2767860685938897,27.67860685938897,69.03477385078482
1973,0.023230280404239,0.1107983333333333,167.4,310.016,250.6242858186744,252.3072858186744,18.547641,0.0598280121026011,0.074005761011601,0.0735121102025156,16.714578419972657,13.512461548003566,13.603200850106727,0.8079166666666667,0.5949,0.5091080005336779,154.12695416645278,268870172.2400146,4870172.24001462,7.767315873420519,352870172.2400146,-2.4266527146971564,1189.5823865983382,84000000.0,2.4266527146971564,7.061301591746124,1.811347164112768,7.767315873420519,17834.451141653564,0.0121298728135823,0.0741300508611875,0.0620001780476052,0.0465473416420224,0.0714076877404497,0.0248603460984273,-0.03441746882844,0.0027223631207378,0.0371398319491778,-0.0314010273506014,0.0321713138481883,0.0635723411987897,-0.0192711545370191,0.1063013647093758,0.125572519246395,-0.0155410955573473,0.0019494144600219,0.0174905100173693,0.0001532492007947,0.0031823702165067,0.0030291210157119,-0.0346590008935717,-0.3364546821465509,0.0762682735536027,0.4127229557001537,38.21,97.32,55.59,131.66745618190433,2.316674561819043,0.5450286722310115,0.4549713277689885,0.8347658590264918,417570.1831147285,3783476.1829141,14901061.473721752,637608.7228390689,493387.6632403705,0.654900361549982,7.668363975835471,4.766826490189914,0.0854028791035092,0.1373870777335321,0.1063013647093758,0.125572519246395,1.304736551016015,0.3493824566666368,0.5201097126148725,96.32758498191832,16.453702231563767,5.411463200489054,3.882574384896407,-11.902003714459005,0.0857050416762817,-0.0082763844913008,confirmed_binding,0.973551201384192,1.57745423956796,1.954586605898454,1.707493651812019,1.532539321710428,1.5303306466153224,-0.2363570366160137,-0.1453190662768366,-0.0306379766201114,-1.5170899288006812,14901061.473721752,-0.057258611542263,10678532.189408151,3386937.2466009697,14065469.43600912,-0.0393514876704443,1289304.621412301,2197100.2870430625,0.0228042738891876,0.1110301540630303,-907795.6656307617,1743387.7033433928,-0.0621350330919145,363762.5149791797,1357787.0,21838.1883642131,154.12695416645278,0.2486563700680371,1987165.9429100945,0.9044493574685636,-0.1004289652459747,0.1604304898941941,3125992.0,0.0231423074451839,4.8,0.1823215567939546,0.7999999999999998,42.22,97.81,0.4316532051937429,2.316674561819043,0.840132778882227,0.5122921247194343,0.3171096304801802,-1.1485077274159432,0.240761758278672,363762.5149791797,1357787.0,1743387.7033433928,21114782.48671384,66585119.01622471,87699901.50293855,2197100.2870430625,0.8946457972289811,0.8269342263068475,0.0131067041472037,16.628270404551266,16655822.359949986,4131343.18670208,23.342,23.342,0.195525026422732,0.149616593420746,0.0607568442479635,0.0533201589272032,0.0629630816133248,0.8946457972289811,16655822.359949986,16.628270404551266,0.8269342263068475,36498478.35170685,74014668.97885111,69349374.0841472,110513147.33055796,179862521.41470516,21114782.48671384,45470336.52951087,44981530.22470118,66585119.01622471,111566649.24092588,2528529.226600218,2371605.358824512,2167483.4509860147,4900134.585424731,7067618.036410745,0.0089159694148842,0.8946457972289811,16655822.359949986,16.628270404551266,0.8269342263068475,36498478.35170685,74014668.97885111,69349374.0841472,110513147.33055796,179862521.41470516,21114782.48671384,45470336.52951087,44981530.22470118,66585119.01622471,111566649.24092588,2528529.226600218,2371605.358824512,2167483.4509860147,4900134.585424731,7067618.036410745,0.0089159694148842,0.8946457972289811,16655822.359949986,16.628270404551266,0.8269342263068475,36498478.35170685,74014668.97885111,69349374.0841472,110513147.33055796,179862521.41470516,21114782.48671384,45470336.52951087,44981530.22470118,66585119.01622471,111566649.24092588,2528529.226600218,2371605.358824512,2167483.4509860147,4900134.585424731,7067618.036410745,0.0089159694148842,242.3,-294.6,-60.0,-1447.4,-109.6,1309.1,-112.3,-59.4,,-138.3,12.7,-618.1242580549317,66585119.01622471,4900134.585424731,65468455.66139737,3783471.2305973917,5.7790751169776975,7.484726095828822,1.7056509788511334,8.9159694148842e-05,5936.708846350838,436.89450092463164,337.3331377410063,99.56136318362536,1189.5823865983382,541.2258779212482,9.116597965789204,0.18395528973230688,18.395528973230686,54.50286722310115
1974,0.1089956588887946,0.8319166666666666,94.0,1002.165,830.3570749070731,856.7730749070731,78.20016666666666,0.0780312290557609,0.0941765525095552,0.0912729040593956,12.815381893900485,10.618354286206634,10.95615407776718,0.9341666666666664,0.7726999999999999,0.145195948389453,151.35372601002834,2443000000.0,107000000.0,14.89653647912245,2976000000.0,-3.250042547430317,9567.302454386789,533000000.0,3.250042547430317,5.571058326431495,4.379860826852231,14.89653647912245,17285.29861670662,0.0342594662335289,0.1455387348919526,0.1112792686584236,0.0805265513471264,0.1391273577444322,0.0586008063973057,-0.0462670851135974,0.0064113771475204,0.0526784622611179,-0.0308175779200231,0.0322976222007186,0.0631152001207417,0.0034418883135057,0.1778363570926712,0.1743944687791654,-0.0098102938887545,0.0042099943644313,0.0140202882531858,0.0002632808175403,0.0032150353814352,0.0029517545638948,-0.0061051247577083,-0.4635310459256384,0.0916584350611457,0.5551894809867841,33.9,159.26,117.52,278.3514921837992,3.783514921837992,0.3944709808320595,0.6055290191679406,1.5350407218566378,529124.2922731122,3686896.4199214033,15046273.832487073,643537.4598661748,496753.5831017177,0.8222121092735533,7.421982538908947,4.704799625176028,0.1107806579930894,0.1747602820051641,0.1778363570926712,0.1743944687791654,1.5434087706135635,0.2962187435815891,0.3786348214697269,95.59472799301147,7.883814357420624,6.057156448464509,3.121912133509756,-4.869670604832495,-0.0638920781373485,0.2374669614717557,non_binding_adjustment,,2.85150789604599,1.545851437237423,1.173294029696251,1.1979008705524787,1.2225253606304394,-0.3232928246583534,-0.1505576913989519,0.2601723788431496,0.6456932479754549,15046273.832487073,0.009697924398111,9911172.669364046,3712086.005044587,13623258.674408631,-0.0319442888989165,1561658.363105417,2215248.768228875,0.1916452900297169,0.0082262682770206,-653590.405123458,2076605.5632018973,0.1749044435703801,319294.3896845518,1731299.0,26012.17351734592,151.35372601002834,-0.0181569868401521,2363628.1201072666,1.0669808980401885,0.0648330696665704,0.1652620349125452,3198069.0,0.0227955173490457,9.1,0.639658495608959,4.3,42.22,159.74,0.2643044948040565,3.783514921837992,1.3306534510690684,0.4905206721868413,0.3131292527126578,-1.1611392257177655,0.2384603435387617,319294.3896845518,1731299.0,2076605.5632018973,21346336.615659308,68171007.4377743,89517344.05343361,2215248.768228875,0.8881975229515191,0.8254664545735237,0.0169316530411089,16.645202057592375,16940233.949862484,4091901.78516684,25.443,25.443,0.234832776995308,0.176117542846653,-0.0095927347710915,0.0861863430575109,0.1831852899667463,0.8881975229515191,16940233.949862484,16.645202057592375,0.8254664545735237,36898736.95573852,76219196.413759,71333943.40257305,113117933.36949752,184451876.77207056,21346336.615659308,46824670.82211498,46268765.55968012,68171007.4377743,114439772.99745442,2553886.280211528,3204606.8824917087,2659975.606378006,5758493.162703237,8418468.769081242,0.0796441546485962,0.8881975229515191,16940233.949862484,16.645202057592375,0.8254664545735237,36898736.95573852,76219196.413759,71333943.40257305,113117933.36949752,184451876.77207056,21346336.615659308,46824670.82211498,46268765.55968012,68171007.4377743,114439772.99745442,2553886.280211528,3204606.8824917087,2659975.606378006,5758493.162703237,8418468.769081242,0.0796441546485962,0.8881975229515191,16940233.949862484,16.645202057592375,0.8254664545735237,36898736.95573852,76219196.413759,71333943.40257305,113117933.36949752,184451876.77207056,21346336.615659308,46824670.82211498,46268765.55968012,68171007.4377743,114439772.99745442,2553886.280211528,3204606.8824917087,2659975.606378006,5758493.162703237,8418468.769081242,0.0796441546485962,228.0,-210.8,-62.1,-2015.5,-184.5,2150.5,-44.9,-172.1,,135.0,10.8,-105.5289045292366,68171007.43777429,5758493.162703237,66585119.01622471,4172604.7411536574,6.266572475656195,8.648318494857795,2.3817460192015907,0.000796441546485962,54294.22258924697,4586.303199932204,3323.235772919076,1263.0674270131276,9567.302454386789,5793.279271287863,10.670157882388075,0.21802287924786062,21.80228792478606,39.44709808320595
1975,0.4832038836218268,4.9105,-129.2,3552.175,2968.045894877341,3563.045894877341,-634.4365999999999,-0.1786051081379717,-0.2137556569104935,-0.1780601818551205,-5.598944007959189,-4.67823876314409,-5.616078730132124,0.56,0.6416,-0.51171808254901,84.05041478181059,11756000000.0,612000000.0,18.56663954537135,11904000000.000002,-0.2337412940383657,36969.71882735962,148000000.0000019,0.2337412940383657,0.4003276321660142,5.205852330724737,18.56663954537135,8041.271317522327,0.0053333985350965,0.1960205401114164,0.1906871415763199,0.096452742483953,0.1763570249824587,0.0799042824985057,-0.0911193439488564,0.0196635151289577,0.1107828590778142,-0.0307076346129723,0.0323294369182412,0.0630370715312135,-0.0253742360778757,0.2283499770296576,0.2537242131075334,-0.0332670884064286,0.0010388618635367,0.0343059502699653,0.0001156850366246,0.0031464769362109,0.0030307918995863,-0.0585256394476797,-1.0061254123047336,0.2303992524251106,1.2365246647298442,36.51,161.02,119.27,282.49644718143065,3.8249644718143054,0.4927199418713367,0.5072800581286633,1.029550491100538,554741.4567827452,2747975.330742328,13103757.735814266,649468.5649350038,500079.3160225519,0.8541467389391841,5.4950789658702925,4.005530857529053,0.1554384830944658,0.2132418321865315,0.2283499770296576,0.2537242131075334,0.7564477213148475,0.4851450414791411,0.6281737803687332,89.96864557266234,15.023408680049805,5.366877937816948,5.41504177409769,-1.2964550346590185,0.0353174544872503,-0.5424229614614523,confirmed_binding,0.280014780381653,1.08976925981322,1.4891306291574002,1.2653974321696806,1.273803248393369,1.4251979530263368,0.2223953651844972,0.0982489610392772,0.3386978540113636,-0.6902785106475609,13103757.735814266,-0.1382313355235318,7795865.444029223,3514734.8801800325,11310600.324209256,-0.1860381608856087,1680974.5993747632,1518019.9843459616,0.073625433993687,-0.3779578640984642,162954.6150288016,1630202.7965762084,-0.242030197721867,340804.3957237621,1268978.0,20420.400852446444,84.05041478181059,-0.5882028588813695,1412866.1231513673,0.9307295936292302,-0.0717864911226487,-0.1366195607892192,3271416.0,0.0226757285387435,18.0,0.6820973443733602,8.9,42.22,161.49,0.2614403368629636,3.8249644718143054,1.3415491788208012,0.0108957277517331,0.3124601007286239,-1.1632784956255715,0.2380720759093239,340804.3957237621,1268978.0,1630202.7965762084,21558990.0030672,68997577.45963056,90556567.46269776,1518019.9843459616,0.7661976259640635,0.8250237755309546,0.0095226846825681,16.654724742274944,17102320.983214434,4052858.41151079,27.8,27.8,0.256320534211061,0.185682993214906,-0.009587433339071,0.0885953646489188,0.0875550744428128,0.7661976259640635,17102320.983214434,16.654724742274944,0.8250237755309546,37266324.21654065,77218503.65332201,72629756.735195,114484827.86986266,187114584.6050577,21558990.0030672,47438587.45656337,47109258.604594685,68997577.45963056,116106836.06422526,2595091.416317536,2018837.8563946064,1994842.067130124,4613929.272712143,6608771.339842267,0.4156856852885504,0.7661976259640635,17102320.983214434,16.654724742274944,0.8250237755309546,37266324.21654065,77218503.65332201,72629756.735195,114484827.86986266,187114584.6050577,21558990.0030672,47438587.45656337,47109258.604594685,68997577.45963056,116106836.06422526,2595091.416317536,2018837.8563946064,1994842.067130124,4613929.272712143,6608771.339842267,0.4156856852885504,0.7661976259640635,17102320.983214434,16.654724742274944,0.8250237755309546,37266324.21654065,77218503.65332201,72629756.735195,114484827.86986266,187114584.6050577,21558990.0030672,47438587.45656337,47109258.604594685,68997577.45963056,116106836.06422526,2595091.416317536,2018837.8563946064,1994842.067130124,4613929.272712143,6608771.339842267,0.4156856852885504,298.7,-491.3,-92.4,-1707.8,-284.2,1589.5,-285.0,-98.8,,-118.3,10.0,-470.62054583028,68997577.45963056,4613929.272712142,68171007.43777429,3787359.250855863,5.555674462216099,6.768169411202679,1.2124949489865788,0.004156856852885504,286813.0526955637,19179.4435160025,15743.510256259504,3435.933259742995,36969.71882735962,18754.001115743325,6.538754404476029,0.1832106780061269,18.32106780061269,49.27199418713367
