year,unions_count,union_members,labor_force,employed,unemployment_rate_op,avg_union_size,union_density_employed,Fuente:,wage_share,unemployment_rate,gdp_nom_millions_clp,Kn_ME_harm,Kn_NRC_harm,I_ME_harm,I_NRC_harm,Pk_capital_deflator_2003base,strikes_total,strikes_legal,strikes_illegal,strikers_total,peasant_unionists,pct_illegal_strikes,land_seizures_santiago,land_seizures_chile,labor_petitions_agri
1932,421,54801,1539601.0,1165000.0,24.3,130.16864608076008,0.047039484978540776,,0.4609216486983835,24.29938399438799,,7995133.194485517,13533409.126994576,343203.61285816925,891288.2557107601,,,,,,,,,,5.0
1933,619,75050,1574008.0,1394000.0,11.41,121.24394184168013,0.05383787661406026,,0.5189968270302697,11.4134672969162,,7615477.559655915,14041160.694097634,297757.43215902714,968204.630397896,,,,,,,,,,6.0
1934,680,81085,1608865.0,1506000.0,6.41,119.24264705882354,0.053841301460823374,,0.5367886606293845,6.411453498091077,,7314163.83015172,14260753.538979612,436487.28617399913,518921.70570957765,,,,,,,,,,6.0
1935,669,83262,1644914.0,1553000.0,5.57,124.45739910313901,0.05361365099806825,,0.5718574788836842,5.570328339235754,,7122979.91064687,14621180.556815213,626113.9068211721,769434.3585887463,,,,,,,,,,4.0
1936,670,86699,1682168.0,1586000.0,5.7,129.40149253731343,0.05466519546027743,,0.5285386217121376,5.702057074508924,,6974285.56245463,15085777.054301132,694811.4916883719,961678.0185262846,,,,,,,,,,1.0
1937,812,116378,1720144.0,1647000.0,4.25,143.32266009852216,0.07066059502125076,,0.5328311331485793,4.252657152817042,,6825401.389629302,15535114.534031948,686179.037584538,960810.4769283498,,,,,,,,,,3.0
1938,932,125972,1759225.0,1676000.0,4.72,135.16309012875536,0.07516229116945107,,0.5531664074120999,4.717103754847955,,6725026.402131322,16153519.087127509,758566.3826713073,1261111.943172307,,,,,,,,,,5.0
1939,1687,173438,1799997.0,1709000.0,5.04,102.80853586247777,0.10148507899356349,,0.5785353553129456,5.042283223317626,,6611922.702430557,16551467.907250138,722355.409712469,928303.5478007046,,,,,,,,,,171.0
1940,1888,162297,1841954.0,1746000.0,5.22,85.96239406779661,0.09295360824742269,,0.6074707800874707,5.223971832403084,0.0202,6512977.92798287,16930932.446071506,730438.220049483,924972.6241252556,4.16257586402716e-07,,,,,,,,,199.0
1941,1977,208779,1875363.0,1763000.0,6.02,105.60394537177542,0.11842257515598412,,0.6162600974278495,6.015972406791688,0.0211263144927351,6409346.273440641,17294128.2931318,704247.3139566152,925720.1196310604,4.066205510866737e-07,,,,,,,,,115.0
1942,1593,194049,1912127.0,1794000.0,6.15,121.8135593220339,0.10816555183946489,,0.5675648436860874,6.154022912000976,0.0286713804535256,6240896.930218607,17456164.529938243,572969.3462776177,625721.8707263097,5.483809148987689e-07,,,,,,,,,101.0
1943,1618,213867,1949702.0,1825000.0,6.38,132.17985166872683,0.11718739726027397,,0.6030991976573497,6.382507211376999,0.0365363567670339,6093246.01308522,17557066.304421257,588913.930898227,553596.6712855092,6.86048862843749e-07,,,,,,,,,83.0
1944,1652,246221,1988089.0,1852000.0,6.85,149.04418886198548,0.1329487041036717,,0.6254367210587357,6.851187534847442,0.0386924179651405,5913729.000700173,17756402.625144936,513271.2560413283,740896.8564650995,8.279905830206795e-07,,,,,,,,,82.0
1945,1581,232714,2027293.0,1910000.0,5.78,147.1941808981657,0.12183979057591623,,0.6044555633395453,5.784373167627567,0.0477969336428335,5800332.645070968,18164673.009930108,606781.560706294,1107505.485824547,8.272707217824021e-07,,,,,,,,,62.0
1946,1706,251774,2066737.0,1966000.0,4.89,147.58147713950763,0.12806408952187182,,0.5719435501825137,4.890482649767176,0.0609541228651305,5865094.5954950005,18523361.63057537,894048.6036208135,1052539.0378990483,9.58753974365211e-07,,,,,,,,,271.0
1947,1831,263085,2107575.0,1926000.0,8.61,143.6837793555434,0.13659657320872273,,0.6818860563830722,8.607922498914448,0.0694028707738015,6171179.763731091,19128798.556568258,1291485.6375764462,1478973.5355368208,1.0938113169628806e-06,,,,,,,,,383.0
1948,1857,263676,2148870.0,2029000.0,5.58,141.9903069466882,0.12995367175948744,,0.5947289826246759,5.578059745132811,0.0919118852602535,6430245.861604896,19557326.61965972,1193184.8631802665,1214712.3849903028,1.3717173163136756e-06,,,,,,,,,24.0
1949,1855,257845,2190991.0,2038000.0,6.98,139.0,0.12651864573110894,,0.5904415851407467,6.980761442445061,0.1074991008503142,6824745.17358655,20205753.520042174,1414656.179243805,1595193.3581019794,1.5021605127884442e-06,,,,,,,,,16.0
1950,1907,260143,2237593.0,2087000.0,6.73,136.41478762454116,0.12464925730713944,,0.5640614965956121,6.734866581898727,0.1319341635878843,7159441.49775327,20633654.398809064,1304013.293887388,1257580.727483324,1.7689896187224293e-06,,,,,,,,,11.0
1951,1930,264481,2290836.0,2139000.0,6.65,137.03678756476683,0.12364703132304815,,0.5267448831360416,6.646484046255599,0.1733605387938903,7644396.843989766,21252970.869287275,1562776.634972378,1589351.1003537206,2.590360899844224e-06,,,,,,,,,
1952,1997,284418,2344458.0,2202000.0,6.1,142.42263395092638,0.12916348773841962,,0.6375593229564251,6.096031587210868,0.2207774354213484,8159119.350564993,21930965.456715614,1620042.7658863573,1703981.952231333,2.584670690549265e-06,,,,,,,,,
1953,2067,298274,2355685.0,2230000.0,5.35,144.3028543783261,0.13375515695067264,,0.4335714681918065,5.353090191255406,0.2971762351643154,8568687.089411363,22574543.419252843,1451645.2004623911,1666130.2266768753,3.2629285107329613e-06,,,,,,,,,
1954,2068,299364,2366085.0,2201000.0,6.98,144.76015473887816,0.13601272149023172,,0.4252265162640857,6.980049441090618,0.4865155627394611,8868648.241796251,23097043.225285128,1283155.360195412,1486432.3907614262,5.0147886930804726e-06,,,,,,,,,
1955,2177,305192,2375942.0,2209000.0,7.02,140.18925126320624,0.1381584427342689,,0.4184994409605206,7.015766686309161,0.8582970835860495,9340744.595703175,23692078.61816771,1608383.4678840644,1621299.3411396944,7.855724670542737e-06,,,,,,,,,
1956,2382,317352,2398420.0,2215000.0,7.63,133.2292191435768,0.14327404063205418,,0.5117340439004434,7.627415048362815,1.2925197227633258,9949874.774817465,24408144.539971687,1878798.3355063589,1834718.053931421,1.3120301045261627e-05,,,,,,,,,
1957,2121,300040,2419718.0,2271000.0,6.14,141.46157472890147,0.1321180096873624,,0.5364323677274111,6.141383238930286,1.9242420248215504,10894614.316112695,25386636.97374604,2498442.680541355,2278116.2263303003,2.0540378051164853e-05,,,,,,,,,
1958,1894,276346,2439877.0,2297000.0,5.85,145.90601900739176,0.12030735742272529,,0.4467800326865331,5.850774232953357,2.529823156058768,11816480.6340745,26339595.596504472,2505202.0520929694,2252803.6867236127,2.6178063546146185e-05,,,,,,,,,
1959,1752,262300,2458936.0,2250000.0,8.49,149.71461187214612,0.11657777777777778,,0.5750776192763191,8.48780137199053,3.5673859734836904,12270402.223186186,27019964.70423012,1750616.643700986,1825540.199620364,3.9620971481525125e-05,,,,,,,,,
1960,1770,272966,2476930.0,2313000.0,6.61,154.2180790960452,0.11801383484651967,,0.6093126657451776,6.61,4.265,12950191.296492476,28082983.990204223,2202446.195949856,2465190.307438747,4.028036159605113e-05,259.0,88.0,171.0,89314.0,,66.02316602316603,,,
1961,1764,263271,2526202.0,2337000.0,7.48,149.24659863945578,0.11265340179717587,,0.6588962612543945,7.48,4.80445299038081,13864198.235728389,29063636.724415373,2673734.551180508,2348356.8306928487,4.617743030800952e-05,262.0,95.0,167.0,112450.0,,63.74045801526718,,,
1962,1774,257725,2574773.0,2385000.0,7.37,145.27903043968433,0.10806079664570231,,0.5941905193772513,7.37,5.682780247810303,14656733.31188608,30259727.133626707,2535253.863514534,2716790.8312457125,4.8801595477213534e-05,401.0,112.0,289.0,124100.0,,72.06982543640898,,,
1963,1852,268035,2622648.0,2440000.0,6.97,144.72732181425485,0.10985040983606557,,0.5576814422070525,6.97,8.728113892094798,15227201.784688788,32049055.63977561,2228136.7596432245,3700722.410047596,6.913425126411502e-05,413.0,101.0,312.0,118900.0,,75.54479418886199,,,
1964,1863,278980,2670141.0,2497000.0,6.47,149.74771873322598,0.11172607128554266,,0.6767742739731578,6.47,13.278096971875522,15870842.068814576,33683353.99679623,2435336.563805826,3467152.671282974,0.0001061025643919,676.0,142.0,534.0,138500.0,1652.0,78.99408284023669,,,
1965,2059,302475,2716654.0,2557000.0,5.87,146.90383681398737,0.11829292139225656,,0.6381088691725728,5.87,18.66080234104896,16286933.464280952,35123303.68577981,2125056.8591974047,3170002.855376333,0.0001528953734864,723.0,131.0,592.0,182354.0,2118.0,81.88105117565698,,,
1966,2882,369507,2757476.0,2604000.0,5.56,128.2120055517002,0.14189976958525347,,0.553495656761064,5.56,26.72588072184333,16946582.86887736,36346800.10134277,2630144.7083470724,2837180.4161487725,0.000204721633273,1073.0,186.0,887.0,195400.0,10647.0,82.6654240447344,,,
1967,3426,442650,2797693.0,2681000.0,4.16,129.2031523642732,0.16510630361805295,,0.5791916250038267,4.16,34.8004112091981,17624608.12969785,37666682.55218094,2745628.1733012665,3013756.997733641,0.0002612086885226,1114.0,168.0,946.0,225120.0,47483.0,84.91921005385996,13.0,8.0,
1968,3889,500447,2837312.0,2714000.0,4.36,128.68269478014915,0.18439462048636698,,0.5394079097121091,4.36,48.3607654522264,18482185.68166381,38997122.23445569,3139391.2836926,3050655.142082723,0.0003431405533353,1138.0,172.0,966.0,276450.0,76356.0,84.88576449912127,4.0,35.0,
1969,4228,541967,2876339.0,2734000.0,4.96,128.1851939451277,0.19823226042428677,,0.5005314522990513,4.96,70.35426720320098,19260708.756741274,40414728.78502079,3086000.640676279,3212154.9622465223,0.000460556518367,1277.0,145.0,1132.0,356800.0,104334.0,88.64526233359436,23.0,220.0,
1970,4581,627664,2914780.0,2743000.0,5.9,137.01462562759224,0.22882391542107183,,0.5092767661923354,5.9,101.21570334918576,20090795.721397035,42109640.59084133,3258782.0882569663,3682956.7252716986,0.0006531229740354,1853.0,179.0,1674.0,416500.0,143142.0,90.33998920669185,103.0,560.0,
1971,5212,782494,2984195.0,2829000.0,5.2,150.13315425940138,0.2765973842347119,,0.5623170054214746,5.2,130.95661925458955,20693892.981235795,43584331.0040252,2950481.007229546,3343666.0216196585,0.0008393614398309,2709.0,181.0,2528.0,485300.0,232160.0,93.31856773717239,350.0,,
1972,6118,855404,3054480.0,2932000.0,4.0,139.81758744687806,0.2917476125511596,,0.6903477385078481,4.0,242.51550417656173,20852381.7511092,44616073.91028816,2266241.3474522075,2641622.2543472634,0.0017463306952445,3037.0,118.0,2919.0,542800.0,242500.0,96.1145867632532,,,
1973,6692,939319,3125992.0,2976000.0,4.8,140.36446503287507,0.31563138440860217,,0.5450286722310115,4.8,1189.5823865983382,21114782.48671384,45470336.52951087,2528529.226600218,2371605.358824512,0.0089159694148842,1580.0,62.0,1518.0,312400.0,250740.0,96.07594936708861,,,
1974,7069,947093,3198069.0,2907000.0,9.1,133.97835620314046,0.32579738562091504,,0.3944709808320595,9.1,9567.302454386789,21346336.615659308,46824670.82211498,2553886.280211528,3204606.8824917087,0.0796441546485962,0.0,0.0,0.0,0.0,,,,,
1975,7181,940810,3271416.0,2683000.0,18.0,131.0137863807269,0.3506559821095788,,0.4927199418713367,18.0,36969.71882735962,21558990.0030672,47438587.45656337,2595091.416317536,2018837.8563946064,0.4156856852885504,0.0,0.0,0.0,0.0,,,,,
