year,labor_force,employed,unemployment_rate,wage_share,Kn_ME_harm,Kn_NRC_harm,I_ME_harm,I_NRC_harm,Pk_capital_deflator_2003base,gdp_nom_millions_clp,GDP_real,capacity_utilization_chile,potential_output_chile,K_prod,I_prod,K_lag,D_prod,delta_pct,g_K_gross_pct,I_net,g_K_net_pct,Pk_ratio,K_nom,Y_nom,Y_real,Py,Py_over_Pk,profit_share,Profits_nom,r_pct,chi_gross,mu,mu_pct,Yp,L,yp,k,sigma,YK_real
1943,1949702.0,1825000.0,6.382507211376999,0.6030991976573497,6093246.01308522,17557066.304421257,588913.930898227,553596.6712855092,6.86048862843749e-07,0.0365363567670339,5208526.473803688,0.7594882471481998,6857942.164821071,23650312.317506477,1142510.6021837364,23697061.46015685,1189259.7448341101,5.0185958576917935,4.821317630899938,-46749.14265037328,-0.19727822679185408,6.86048862843749e-09,0.1622526987132483,0.0365363567670339,5208526.473803688,7.014720372603212e-09,1.0224811602378312,0.39690080234265035,0.014501309315513078,8.937484202430102,0.5394490800430194,0.7594882471481998,75.94882471481998,6857942.164821071,1825000.0,3.75777652866908,12.959075242469302,0.2899725835647706,0.22023076921264254
1944,1988089.0,1852000.0,6.851187534847442,0.6254367210587357,5913729.000700173,17756402.625144936,513271.2560413283,740896.8564650995,8.279905830206795e-07,0.0386924179651405,5307107.913129927,0.7772231113503997,6828294.0067350855,23670131.62584511,1254168.1125064278,23650312.317506477,1234348.804167796,5.219164920938925,5.30296638652871,19819.308338630944,0.08380146558978106,8.279905830206795e-09,0.19598646085059715,0.0386924179651405,5307107.913129927,7.2906785764454545e-09,0.8805267506603232,0.3745632789412643,0.014492758943188907,7.394775578011438,0.7171233704910832,0.7772231113503997,77.72231113503997,6828294.0067350855,1852000.0,3.6869838049325514,12.780848610067553,0.2884772300665773,0.22421117030609025
1945,2027293.0,1910000.0,5.784373167627567,0.6044555633395453,5800332.645070968,18164673.009930108,606781.560706294,1107505.485824547,8.272707217824021e-07,0.0477969336428335,5765048.188974463,0.8401569288094392,6861870.671166088,23965005.655001074,1714287.046530841,23670131.62584511,1419413.0173748732,5.996641843026486,7.2424060568342306,294874.0291559659,1.2457642138077372,8.272707217824022e-09,0.19825547525732087,0.0477969336428335,5765048.188974463,8.290812509467685e-09,1.0021885570426878,0.3955444366604547,0.018905811191851713,9.536085279517943,0.7594737090271009,0.8401569288094392,84.01569288094392,6861870.671166088,1910000.0,3.5926024456366954,12.547123379581715,0.2863287732934099,0.24056110279996543
1946,2066737.0,1966000.0,4.890482649767176,0.5719435501825137,5865094.5954950005,18523361.63057537,894048.6036208135,1052539.0378990483,9.58753974365211e-07,0.0609541228651305,6258938.391410903,0.9003160831656724,6951934.446626068,24388456.22607037,1946587.6415198618,23965005.655001074,1523137.0704505667,6.355671650478893,8.122625421177997,423450.57106929645,1.76695377069911,9.58753974365211e-09,0.23382529335376942,0.0609541228651305,6258938.391410903,9.738731882834542e-09,1.0157696492765558,0.42805644981748625,0.026091805435386625,11.15867537730858,0.7279202187112227,0.9003160831656724,90.03160831656723,6951934.446626068,1966000.0,3.5360805934008486,12.405115069211785,0.2850502049897978,0.2566352840619867
1947,2107575.0,1926000.0,8.607922498914448,0.6818860563830722,6171179.763731091,19128798.556568258,1291485.6375764462,1478973.5355368208,1.0938113169628806e-06,0.0694028707738015,5585719.844217188,0.778428184132965,7175639.266503069,25299978.32029935,2770459.173113267,24388456.22607037,1858937.0788842887,7.622200690575702,11.359715217036769,911522.0942289792,3.7375145264610694,1.0938113169628806e-08,0.2767340260565896,0.0694028707738015,5585719.844217188,1.2425054014417364e-08,1.135941256204704,0.3181139436169278,0.022078020920190018,7.978065160543454,1.4238684428422193,0.778428184132965,77.8428184132965,7175639.266503069,1926000.0,3.725669401091936,13.136021973156463,0.28362234843283324,0.22077962967009745
1948,2148870.0,2029000.0,5.578059745132811,0.5947289826246759,6430245.861604896,19557326.61965972,1193184.8631802665,1214712.3849903028,1.3717173163136756e-06,0.0919118852602535,6512764.533265854,0.8862494210108721,7348681.28414377,25987572.481264617,2407897.2481705695,25299978.32029935,1720303.087205302,6.799622772107369,9.517388583051083,687594.1609652676,2.7177658109437144,1.3717173163136756e-08,0.35647603181507426,0.0919118852602535,6512764.533265854,1.4112576125052057e-08,1.0288253969832428,0.4052710173753241,0.03724922324830699,10.449292497631488,0.9108165538679641,0.8862494210108721,88.62494210108721,7348681.28414377,2029000.0,3.6218241912980633,12.808069236700156,0.2827767499038897,0.2506107308776584
1949,2190991.0,2038000.0,6.980761442445061,0.5904415851407467,6824745.17358655,20205753.520042174,1414656.179243805,1595193.3581019794,1.5021605127884442e-06,0.1074991008503142,6372124.488415103,0.8373255480024847,7610092.040803457,27030498.693628725,3009849.5373457843,25987572.481264617,1966923.3249816783,7.568707413513534,11.58188029880703,1042926.2123641074,4.013172885293502,1.5021605127884442e-08,0.406041477785487,0.1074991008503142,6372124.488415103,1.6870213544282424e-08,1.1230633078595862,0.40955841485925326,0.04402716134304969,10.843020664580818,1.0681414946150318,0.8373255480024847,83.73255480024847,7610092.040803457,2038000.0,3.7340981554482124,13.263247641623515,0.2815372415824947,0.23573832509117032
1950,2237593.0,2087000.0,6.734866581898727,0.5640614965956121,7159441.49775327,20633654.398809064,1304013.293887388,1257580.727483324,1.7689896187224293e-06,0.1319341635878843,6686124.62849127,0.8562482243536496,7808628.897932464,27793095.896562334,2561594.0213707117,27030498.693628725,1798996.8184371032,6.655433326730073,9.476680583678974,762597.2029336095,2.821247256948903,1.7689896187224293e-08,0.49165698113175715,0.1319341635878843,6686124.62849127,1.973253131203678e-08,1.1154690283760786,0.4359385034043879,0.057515181822411963,11.698233530624618,0.8100950078377324,0.8562482243536496,85.62482243536496,7808628.897932464,2087000.0,3.74155673116074,13.317247674442902,0.2809557066616064,0.24056782495102533
1951,2290836.0,2139000.0,6.646484046255599,0.5267448831360416,7644396.843989766,21252970.869287275,1562776.634972378,1589351.1003537206,2.590360899844224e-06,0.1733605387938903,6977024.132144125,0.861904132103422,8094895.792084377,28897367.713277042,3152127.7353260983,27793095.896562334,2047855.9186113924,7.368218086365425,11.341405603238242,1104271.8167147078,3.973187516872824,2.5903608998442243e-08,0.7485461143289375,0.1733605387938903,6977024.132144125,2.484734687890702e-08,0.9592233607448776,0.4732551168639584,0.08204376204650134,10.960415193665467,1.034760581861257,0.861904132103422,86.1904132103422,8094895.792084377,2139000.0,3.784430010324627,13.509755826683984,0.28012571499255057,0.24144151126050484
1952,2344458.0,2202000.0,6.096031587210868,0.6375593229564251,8159119.350564993,21930965.456715614,1620042.7658863573,1703981.952231333,2.584670690549265e-06,0.2207774354213484,7426608.858644058,0.8840505104367604,8400661.241601441,30090084.807280608,3324024.71811769,28897367.713277042,2131307.624114126,7.375438639467795,11.502863344160064,1192717.0940035656,4.127424704692275,2.5846706905492652e-08,0.7777296027751992,0.2207774354213484,7426608.858644058,2.9727893258358256e-08,1.1501617349961444,0.36244067704357485,0.08001872317005763,10.288758828842838,1.118003010422762,0.8840505104367604,88.40505104367604,8400661.241601441,2202000.0,3.8150141878299006,13.664888649991193,0.27918370105652923,0.2468124934246486
1953,2355685.0,2230000.0,5.353090191255406,0.4335714681918065,8568687.089411363,22574543.419252843,1451645.2004623911,1666130.2266768753,3.2629285107329613e-06,0.2971762351643154,7986500.879432823,0.92211767272038,8661043.07042668,31143230.508664206,3117775.4271392664,30090084.807280608,2064629.7257556692,6.861495203417009,10.361471053032355,1053145.7013835981,3.499975849615348,3.262928510732961e-08,1.0161813474304902,0.2971762351643154,7986500.879432823,3.720981687106757e-08,1.1403810027915389,0.5664285318081935,0.16832909857240963,16.56486797342281,0.6255088220236118,0.92211767272038,92.211767272038,8661043.07042668,2230000.0,3.883875816334834,13.96557421913193,0.27810355345175686,0.25644420148420183
1954,2366085.0,2201000.0,6.980049441090618,0.4252265162640857,8868648.241796251,23097043.225285128,1283155.360195412,1486432.3907614262,5.0147886930804726e-06,0.4865155627394611,7727829.923252009,0.8722399877369602,8859751.939717846,31965691.46708138,2769587.750956838,31143230.508664206,1947126.7925396673,6.252167038348724,8.893065060114186,822460.9584171735,2.6408980217654707,5.014788693080473e-08,1.6030118813561864,0.4865155627394611,7727829.923252009,6.295629789620508e-08,1.2554127750801087,0.5747734837359143,0.27963624488749883,17.444427464312984,0.5097940347028994,0.8722399877369602,87.22399877369602,8859751.939717846,2201000.0,4.025330277018558,14.523258276729386,0.27716440762251976,0.24175387950578847
1955,2375942.0,2209000.0,7.015766686309161,0.4184994409605206,9340744.595703175,23692078.61816771,1608383.4678840644,1621299.3411396944,7.855724670542737e-06,0.8582970835860495,8018659.212204488,0.8781610114091268,9131194.744500764,33032823.213870883,3229682.809023759,31965691.46708138,2162551.0622342527,6.76522534937582,10.103591259240305,1067131.7467895038,3.3383659098644802,7.855724670542737e-08,2.594967642588823,0.8582970835860495,8018659.212204488,1.0703748106413001e-07,1.3625411474195035,0.5815005590394794,0.49910023392724256,19.233389493416734,0.52531516936724,0.8781610114091268,87.81610114091268,9131194.744500764,2209000.0,4.133632749887172,14.953745230362555,0.2764279239888422,0.2427482253117669
1956,2398420.0,2215000.0,7.627415048362815,0.5117340439004434,9949874.774817465,24408144.539971687,1878798.3355063589,1834718.053931421,1.3120301045261627e-05,1.2925197227633258,8153260.792823005,0.860894459622669,9470685.635956576,34358019.31478915,3713516.38943778,33032823.213870883,2388320.288519509,7.230142797835773,11.241898294295442,1325196.1009182706,4.01175549645967,1.3120301045261626e-07,4.507875567289473,1.2925197227633258,8153260.792823005,1.5852795042458107e-07,1.208264580802688,0.4882659560995566,0.6310933782125691,13.999795885937406,0.8030044427710383,0.860894459622669,86.0894459622669,9470685.635956576,2215000.0,4.275704576052631,15.51152113534499,0.2756470199631092,0.23730299229773993
1957,2419718.0,2271000.0,6.141383238930286,0.5364323677274111,10894614.316112695,25386636.97374604,2498442.680541355,2278116.2263303003,2.0540378051164853e-05,1.9242420248215504,8989939.162489288,0.9015761582982716,9971358.58101865,36281251.289858736,4776558.906871656,34358019.31478915,2853326.9318020716,8.304689818291935,13.902311606232848,1923231.9750695825,5.5976217879409065,2.0540378051164853e-07,7.452306176630109,1.9242420248215504,8989939.162489288,2.1404394290569743e-07,1.0420642812538639,0.4635676322725889,0.8920163193659384,11.969668156727602,1.1614617401418097,0.9015761582982716,90.15761582982717,9971358.58101865,2271000.0,4.390734734046082,15.975892245644534,0.27483502433130874,0.24778470540243336
1958,2439877.0,2297000.0,5.850774232953357,0.4467800326865331,11816480.6340745,26339595.596504472,2505202.0520929694,2252803.6867236127,2.6178063546146185e-05,2.529823156058768,9483618.720824605,0.9069863068201812,10456187.320041684,38156076.230578974,4758005.738816582,36281251.289858736,2883180.798096344,7.946751271233704,13.114227237654646,1874824.9407202378,5.167475966420941,2.6178063546146184e-07,9.988521882356943,2.529823156058768,9483618.720824605,2.66757155736729e-07,1.019010268908908,0.5532199673134669,1.3995486837036832,14.011569481323882,0.9359570500031913,0.9069863068201812,90.69863068201812,10456187.320041684,2297000.0,4.552105929491374,16.611265228811046,0.2740372793275297,0.24854805990832654
1959,2458936.0,2250000.0,8.48780137199053,0.5750776192763191,12270402.223186186,27019964.70423012,1750616.643700986,1825540.199620364,3.9620971481525125e-05,3.5673859734836904,8946686.907058401,0.8338312892050633,10729612.840011977,39290366.9274163,3576156.84332135,38156076.230578974,2441866.146484025,6.399678341472305,9.37244391092644,1134290.6968373284,2.972765569454144,3.9620971481525126e-07,15.567225075298193,3.5673859734836904,8946686.907058401,3.9873821567056694e-07,1.006381723518553,0.42492238072368094,1.5158621408129558,9.737523119764614,0.9625080008182821,0.8338312892050633,83.38312892050634,10729612.840011977,2250000.0,4.7687168177831,17.462385301073912,0.2730850760399744,0.2277068810170746
1960,2476930.0,2313000.0,6.61,0.6093126657451776,12950191.296492476,28082983.990204223,2202446.195949856,2465190.307438747,4.028036159605113e-05,4.265,9688926.504720556,0.8693907460558963,11144501.535903864,41033175.2866967,4667636.503388603,39290366.9274163,2924828.144108206,7.444135478580373,11.879849613039852,1742808.3592804,4.435714134459485,4.028036159605113e-07,16.52831137982292,4.265,9688926.504720556,4.401932451362948e-07,1.092823469537694,0.3906873342548224,1.6662814805968174,10.081377596933132,1.1783954622088388,0.8693907460558963,86.93907460558962,11144501.535903864,2313000.0,4.818202133983512,17.74024007206948,0.27159734673316893,0.2361242199031517
1961,2526202.0,2337000.0,7.48,0.6588962612543945,13864198.235728389,29063636.724415373,2673734.551180508,2348356.8306928487,4.617743030800952e-05,4.80445299038081,10152296.43718576,0.87347660675918,11622860.141444836,42927834.96014376,5022091.381873356,41033175.2866967,3127431.7084262967,7.621715079506012,12.239100061801848,1894659.6734470576,4.61738498229583,4.6177430308009525e-07,19.822971071457733,4.80445299038081,10152296.43718576,4.7323805211036717e-07,1.024825437348521,0.3411037387456055,1.638816877646399,8.267261611484985,1.4804297525554453,0.87347660675918,87.34766067591801,11622860.141444836,2337000.0,4.973410415680289,18.368778331255353,0.2707534668877676,0.23649681952541124
1962,2574773.0,2385000.0,7.37,0.5941905193772513,14656733.31188608,30259727.133626707,2535253.863514534,2716790.8312457125,4.8801595477213534e-05,5.682780247810303,10633376.753748316,0.8792860698884299,12093193.691897722,44916460.44551279,5252044.694760246,42927834.96014376,3263419.2093912214,7.602105283020061,12.234590213171696,1988625.4853690267,4.63248493015164,4.880159547721353e-07,21.919949329301772,5.682780247810303,10633376.753748316,5.344285620094385e-07,1.0951046923434586,0.4058094806227487,2.306126100857114,10.52067259012488,1.1629095106196505,0.8792860698884299,87.928606988843,12093193.691897722,2385000.0,5.07052146410806,18.83289746143094,0.26923745931778664,0.23673674747028267
1963,2622648.0,2440000.0,6.97,0.5576814422070525,15227201.784688788,32049055.63977561,2228136.7596432245,3700722.410047596,6.913425126411502e-05,8.728113892094798,11306060.64095473,0.8984565882991259,12583869.702996254,47276257.4244644,5928859.16969082,44916460.44551279,3569062.190739207,7.946000542649083,13.199747065739952,2359796.9789516106,5.253746523090863,6.913425126411502e-07,32.68408659609905,8.728113892094798,11306060.64095473,7.719854128924751e-07,1.1166468122193776,0.4423185577929475,3.860606749003961,11.81188508252434,1.1174970780293954,0.8984565882991259,89.8456588299126,12583869.702996254,2440000.0,5.157323648768957,19.375515337895244,0.26617736657987623,0.23914880865980137
1964,2670141.0,2497000.0,6.47,0.6767742739731578,15870842.068814576,33683353.99679623,2435336.563805826,3467152.671282974,0.0001061025643919,13.278096971875522,11557630.950735234,0.884367914334233,13068804.016296798,49554196.0656108,5902489.2350888,47276257.4244644,3624550.5939423963,7.666746039983218,12.48510257927988,2277938.6411464065,4.818356539296667,1.061025643919e-06,52.57827278940309,13.278096971875522,11557630.950735234,1.1488597471639152e-06,1.082782262378213,0.3232257260268422,4.29182253398928,8.162730166469595,1.5295253333946384,0.884367914334233,88.4367914334233,13068804.016296798,2497000.0,5.233802169121665,19.84549301786576,0.2637274954272979,0.23323213508363042
1965,2716654.0,2557000.0,5.87,0.6381088691725728,16286933.464280952,35123303.68577981,2125056.8591974047,3170002.855376333,0.0001528953734864,18.66080234104896,11651050.637611322,0.8667032104470094,13442953.132251823,51410237.15006076,5295059.714573737,49554196.0656108,3439018.630123779,6.939914080273739,10.68539121805743,1856041.0844499543,3.7454771377836837,1.5289537348639998e-06,78.60387410082934,18.66080234104896,11651050.637611322,1.6016411670900406e-06,1.047540635513413,0.3618911308274272,6.7531788613493084,8.59140715212923,1.24373004664425,0.8667032104470094,86.67032104470094,13442953.132251823,2557000.0,5.257314482695277,20.10568523662916,0.26148397434957044,0.22662900004921616
1966,2757476.0,2604000.0,5.56,0.553495656761064,16946582.86887736,36346800.10134277,2630144.7083470724,2837180.4161487725,0.000204721633273,26.72588072184333,12950278.200823154,0.9344133287495702,13859260.995509546,53293382.970220126,5467325.124495845,51410237.15006076,3584179.304336481,6.97172295446656,10.63470123379772,1883145.8201593682,3.6629782793311674,2.04721633273e-06,109.10308404306949,26.72588072184333,12950278.200823154,2.0637302386403222e-06,1.008066517273385,0.44650434323893595,11.933221819188795,10.937565994448004,0.972309674674967,0.9344133287495702,93.44133287495701,13859260.995509546,2604000.0,5.32229684927402,20.465968882573012,0.2600559435916084,0.24299973991254525
1967,2797693.0,2681000.0,4.16,0.5791916250038267,17624608.12969785,37666682.55218094,2745628.1733012665,3013756.997733641,0.0002612086885226,34.8004112091981,13370718.576514369,0.9353672101815144,14294619.72899358,55291290.68187879,5759385.171034908,53293382.970220126,3761477.4593762457,7.058057210363482,10.806942344518083,1997907.711658664,3.7488851341546043,2.612086885226e-06,144.42565525735412,34.8004112091981,13370718.576514369,2.6027330550749106e-06,0.9964190202845109,0.4208083749961733,14.644304490141268,10.13968360679851,1.0658066625739866,0.9353672101815144,93.53672101815144,14294619.72899358,2681000.0,5.331823845204617,20.623383320357625,0.25853293624918955,0.24182323131943972
1968,2837312.0,2714000.0,4.36,0.5394079097121091,18482185.68166381,38997122.23445569,3139391.2836926,3050655.142082723,0.0003431405533353,48.3607654522264,13849416.79463108,0.9365735883620177,14787323.672934735,57479307.9161195,6190046.425775323,55291290.68187879,4002029.1915346086,7.2380824216249255,11.195337185000916,2188017.2342407107,3.957254763375985,3.431405533353e-06,197.23481523667334,48.3607654522264,13849416.79463108,3.491899057509348e-06,1.017629371861867,0.46059209028789094,22.274586047563382,11.293435198463737,0.9913137135212707,0.9365735883620177,93.65735883620177,14787323.672934735,2714000.0,5.448534883174184,21.17881647609414,0.2572634259012673,0.24094612995065592
1969,2876339.0,2734000.0,4.96,0.5005314522990513,19260708.756741274,40414728.78502079,3086000.640676279,3212154.9622465223,0.000460556518367,70.35426720320098,14364726.830165416,0.9409950524243836,15265464.779178254,59675437.54176207,6298155.602922801,57479307.9161195,4102025.9772802293,7.136526388359413,10.957257196126653,2196129.625642568,3.8207308077672337,4.6055651836700005e-06,274.83911746261305,70.35426720320098,14364726.830165416,4.89771006681864e-06,1.0634330145156778,0.49946854770094873,35.13974366454728,12.785568513305758,0.8570019537827819,0.9409950524243836,94.09950524243837,15265464.779178254,2734000.0,5.58356429377405,21.827153453460888,0.255808175155736,0.2407142271912577
1970,2914780.0,2743000.0,5.9,0.5092767661923354,20090795.721397035,42109640.59084133,3258782.0882569663,3682956.7252716986,0.0006531229740354,101.21570334918576,14660107.037449896,0.9277918657919312,15801073.040165666,62200436.312238365,6941738.813528664,59675437.54176207,4416740.043052368,7.401269642910359,11.632489177261075,2524998.7704762965,4.231219534350714,6.531229740354e-06,406.2453395054861,101.21570334918576,14660107.037449896,6.904158550181505e-06,1.057099325035731,0.4907232338076646,49.6688972596297,12.226330354974806,0.9514293201253063,0.9277918657919312,92.77918657919312,15801073.040165666,2743000.0,5.7605078527764,22.676061360641036,0.2540347620850482,0.23569138589089622
1971,2984195.0,2829000.0,5.2,0.5623170054214746,20693892.981235795,43584331.0040252,2950481.007229546,3343666.0216196585,0.0008393614398309,130.95661925458955,15972953.989602089,0.9843929682313451,16226196.75788688,64278223.98526099,6294147.028849205,62200436.312238365,4216359.355826572,6.778665240643937,10.119136459515136,2077787.6730226278,3.340471218871191,8.393614398308999e-06,539.5266263404175,130.95661925458955,15972953.989602089,8.19864749750349e-06,0.9767719969546389,0.43768299457852544,57.31748527522854,10.6236620172039,0.9525092612253913,0.9843929682313451,98.43929682313451,16226196.75788688,2829000.0,5.735665167156903,22.721182037914808,0.25243691800830637,0.2484971270093694
1972,3054480.0,2932000.0,4.0,0.6903477385078481,20852381.7511092,44616073.91028816,2266241.3474522075,2641622.2543472634,0.0017463306952445,242.51550417656173,15779175.459507676,0.95986552674759,16438943.810154196,65468455.66139737,4907863.601799471,64278223.98526099,3717631.9256630987,5.783656882796812,7.63534412980179,1190231.6761363745,1.8516872470049808,1.7463306952445e-05,1143.2957369175178,242.51550417656173,15779175.459507676,1.5369339468903303e-05,0.8800933013865094,0.30965226149215186,75.09547431518175,6.568333274612695,1.1624477337825114,0.95986552674759,95.986552674759,16438943.810154196,2932000.0,5.606733905236766,22.32894122148614,0.2510971680037232,0.2410195154307219
1973,3125992.0,2976000.0,4.8,0.5450286722310115,21114782.48671384,45470336.52951087,2528529.226600218,2371605.358824512,0.0089159694148842,1189.5823865983382,14901061.473721752,0.8946457972289811,16655822.359949986,66585119.01622471,4900134.585424731,65468455.66139737,3783471.2305973917,5.7790751169776975,7.484726095828822,1116663.3548273444,1.7056509788511334,8.9159694148842e-05,5936.708846350838,1189.5823865983382,14901061.473721752,7.983205684347955e-05,0.8953828027966201,0.4549713277689885,541.2258779212482,9.116597965789204,0.8209999085092797,0.8946457972289811,89.46457972289811,16655822.359949986,2976000.0,5.596714502671366,22.374031927494862,0.2501433143926871,0.22378966492634522
1974,3198069.0,2907000.0,9.1,0.3944709808320595,21346336.615659308,46824670.82211498,2553886.280211528,3204606.8824917087,0.0796441546485962,9567.302454386789,15046273.832487073,0.8881975229515191,16940233.949862484,68171007.43777429,5758493.162703237,66585119.01622471,4172604.7411536574,6.266572475656195,8.648318494857795,1585888.4215495735,2.3817460192015907,0.000796441546485962,54294.22258924697,9567.302454386789,15046273.832487073,0.0006358585893691237,0.7983744597135118,0.6055290191679406,5793.279271287863,10.670157882388075,0.8105145762774998,0.8881975229515191,88.81975229515191,16940233.949862484,2907000.0,5.827393859601818,23.450638953482727,0.2484961655484604,0.22071367870309316
1975,3271416.0,2683000.0,18.0,0.4927199418713367,21558990.0030672,47438587.45656337,2595091.416317536,2018837.8563946064,0.4156856852885504,36969.71882735962,13103757.735814266,0.7661976259640635,17102320.983214434,68997577.45963056,4613929.272712142,68171007.43777429,3787359.250855863,5.555674462216099,6.768169411202679,826570.0218562782,1.2124949489865788,0.004156856852885504,286813.0526955637,36969.71882735962,13103757.735814266,0.0028213066490321774,0.6787115238461369,0.5072800581286633,18754.001115743325,6.538754404476029,1.0350854295077374,0.7661976259640635,76.61976259640635,17102320.983214434,2683000.0,6.374327612081414,25.716577510112025,0.24786842687659205,0.1899162002242919
